Pos_X,Pos_Y,Pos_Z,localPos_X,localPos_Y,localPos_Z,Rot_X,Rot_Y,Rot_Z,Rot_W,localRot_X,localRot_Y,localRot_Z,localRot_W,count
0.4929999,9.19995,-1.7455,0.5,-6,13,-0.1182968,0.05516268,-0.7010574,0.7010574,-0.03156707,0.7877871,-0.6143276,0.03156706
0.4929999,9.19995,-1.7455,0.5,-6,13,-0.1182968,0.05516268,-0.7010574,0.7010574,-0.03156707,0.7877871,-0.6143276,0.03156706
0.4929999,9.19995,-1.7455,0.5,-6,13,-0.1182968,0.05516268,-0.7010574,0.7010574,-0.03156707,0.7877871,-0.6143276,0.03156706
0.4929999,9.19995,-1.7455,0.5,-6,13,-0.1182968,0.05516268,-0.7010574,0.7010574,-0.03156707,0.7877871,-0.6143276,0.03156706
0.4929999,9.19995,-1.7455,0.5,-6,13,-0.1182968,0.05516268,-0.7010574,0.7010574,-0.03156707,0.7877871,-0.6143276,0.03156706
0.4959921,9.201039,-1.733616,0.5108904,-6.118835,12.97008,-0.1182968,0.05516268,-0.7010574,0.7010574,-0.03156707,0.7877871,-0.6143276,0.03156706
0.4990251,9.202143,-1.72157,0.52193,-6.239299,12.93975,-0.1182968,0.05516268,-0.7010574,0.7010574,-0.03156707,0.7877871,-0.6143276,0.03156706
0.5021279,9.203273,-1.709247,0.5332235,-6.362532,12.90872,-0.1182968,0.05516268,-0.7010574,0.7010574,-0.03156707,0.7877872,-0.6143277,0.03156707
0.5051798,9.204383,-1.697126,0.5443314,-6.483739,12.8782,-0.1182968,0.05516268,-0.7010574,0.7010574,-0.03156707,0.7877872,-0.6143277,0.03156707
0.5089824,9.205466,-1.685558,0.5551616,-6.59942,12.84018,-0.1610217,0.1216992,-0.6975651,0.687506,-0.0246908,0.8338959,-0.5511751,0.01463167
0.5143024,9.205065,-1.674206,0.5511474,-6.712944,12.78698,-0.1265449,0.2032884,-0.7037646,0.6688614,0.02092015,0.8512297,-0.5213963,-0.05582332
0.5208186,9.202106,-1.662534,0.5215586,-6.82966,12.72181,-0.08441088,0.2937542,-0.7040163,0.6410494,0.07318824,0.8616154,-0.4834503,-0.1361551
0.5271299,9.197873,-1.652515,0.4792339,-6.929853,12.6587,-0.0715586,0.321572,-0.702391,0.6309658,0.08929404,0.8632437,-0.4701131,-0.1607193
0.533228,9.193521,-1.643085,0.4357039,-7.024148,12.59772,-0.0715586,0.321572,-0.702391,0.6309658,0.08929404,0.8632437,-0.4701131,-0.1607193
0.5393246,9.189168,-1.633658,0.3921839,-7.11842,12.53675,-0.0715586,0.321572,-0.702391,0.6309658,0.08929404,0.8632437,-0.4701131,-0.1607193
0.5455486,9.184726,-1.624034,0.3477549,-7.214662,12.47451,-0.0715586,0.321572,-0.702391,0.6309658,0.08929404,0.8632437,-0.4701131,-0.1607193
0.5518867,9.180201,-1.614233,0.3025104,-7.31267,12.41113,-0.0715586,0.321572,-0.702391,0.6309658,0.08929404,0.8632437,-0.4701131,-0.1607193
0.5582484,9.17566,-1.604396,0.2570979,-7.411043,12.34752,-0.0715586,0.321572,-0.702391,0.6309658,0.08929404,0.8632437,-0.4701131,-0.1607193
0.5623974,9.172698,-1.59798,0.2274823,-7.475196,12.30603,-0.0715586,0.321572,-0.702391,0.6309658,0.08929404,0.8632437,-0.4701131,-0.1607193
0.5623974,9.172698,-1.59798,0.2274823,-7.475196,12.30603,-0.0715586,0.321572,-0.702391,0.6309658,0.08929404,0.8632437,-0.4701131,-0.1607193
0.5623974,9.172698,-1.59798,0.2274823,-7.475196,12.30603,-0.0715586,0.321572,-0.702391,0.6309658,0.08929404,0.8632437,-0.4701131,-0.1607193
0.5623974,9.172698,-1.59798,0.2274823,-7.475196,12.30603,-0.0715586,0.321572,-0.702391,0.6309658,0.08929404,0.8632437,-0.4701131,-0.1607193
0.5672617,9.169226,-1.590458,0.1927578,-7.550417,12.25738,-0.0715586,0.321572,-0.702391,0.6309658,0.08929404,0.8632437,-0.4701131,-0.1607193
0.5734735,9.164792,-1.580853,0.1484167,-7.646469,12.19526,-0.0715586,0.321572,-0.702391,0.6309658,0.08929404,0.8632437,-0.4701131,-0.1607193
0.5758232,9.163115,-1.57722,0.1316439,-7.682802,12.17177,-0.0715586,0.321572,-0.702391,0.6309658,0.08929404,0.8632437,-0.4701131,-0.1607193
0.5758232,9.163115,-1.57722,0.1316439,-7.682802,12.17177,-0.07455558,0.3339995,-0.6989352,0.6279932,0.09425101,0.8677417,-0.4591867,-0.1651929
0.5758232,9.163115,-1.57722,0.1316439,-7.682802,12.17177,-0.06559166,0.3592919,-0.6960086,0.6182065,0.1079491,0.8695493,-0.4446658,-0.1857512
0.5758232,9.163115,-1.57722,0.1316439,-7.682802,12.17177,-0.04369107,0.3725785,-0.6993366,0.6084445,0.1189976,0.8620253,-0.4457558,-0.2098898
0.5773793,9.16149,-1.574948,0.1154072,-7.705519,12.15621,-0.02051824,0.3801958,-0.7039335,0.5995898,0.127667,0.8521187,-0.4514046,-0.2320106
0.5834066,9.155142,-1.56612,0.05192091,-7.793795,12.09593,-0.02051824,0.3801958,-0.7039335,0.5995898,0.127667,0.8521187,-0.4514046,-0.2320106
0.5893444,9.148888,-1.557424,-0.010625,-7.880763,12.03656,-0.02051824,0.3801958,-0.7039335,0.5995898,0.127667,0.8521187,-0.4514046,-0.2320106
0.5952594,9.142657,-1.548761,-0.07292842,-7.967393,11.97741,-0.02051824,0.3801958,-0.7039335,0.5995898,0.127667,0.8521187,-0.4514046,-0.2320106
0.5996217,9.138062,-1.542372,-0.1188775,-8.031285,11.93378,-0.02021109,0.3804574,-0.7039423,0.5994239,0.1278639,0.8520173,-0.4513489,-0.2323824
0.5996217,9.138062,-1.542372,-0.1188775,-8.031285,11.93378,-0.02414357,0.3816378,-0.7024691,0.6002558,0.1276405,0.8542531,-0.4484717,-0.2298538
0.5996217,9.138062,-1.542372,-0.1188775,-8.031285,11.93378,-0.02493043,0.4039063,-0.6954385,0.5938042,0.1386708,0.8590398,-0.430203,-0.2403051
0.5996217,9.138062,-1.542372,-0.1188775,-8.031285,11.93378,-0.008700758,0.4140515,-0.6970359,0.5853432,0.146829,0.8525657,-0.4298134,-0.2585217
0.5996217,9.138062,-1.542372,-0.1188775,-8.031285,11.93378,0.008632287,0.4233508,-0.6988577,0.5764526,0.154789,0.8450144,-0.4302959,-0.2771941
0.5996217,9.138062,-1.542372,-0.1188775,-8.031285,11.93378,0.02514255,0.4340158,-0.6995338,0.5671426,0.1633835,0.8377748,-0.4289016,-0.2957748
0.5996217,9.138062,-1.542372,-0.1188775,-8.031285,11.93378,0.03006834,0.4373,-0.699617,0.5642701,0.1660107,0.8355594,-0.4283278,-0.3013576
0.5996217,9.138062,-1.542372,-0.1188775,-8.031285,11.93378,0.03006834,0.4373,-0.699617,0.5642701,0.1660107,0.8355594,-0.4283278,-0.3013576
0.5996217,9.138062,-1.542372,-0.1188775,-8.031285,11.93378,0.03006834,0.4373,-0.699617,0.5642701,0.1660107,0.8355594,-0.4283278,-0.3013576
0.5996217,9.138062,-1.542372,-0.1188775,-8.031285,11.93378,0.03006834,0.4373,-0.699617,0.5642701,0.1660107,0.8355594,-0.4283278,-0.3013576
0.5996217,9.138062,-1.542372,-0.1188775,-8.031285,11.93378,0.02920455,0.4371417,-0.6994389,0.5646588,0.165783,0.8360174,-0.4280803,-0.3005632
0.5996217,9.138062,-1.542372,-0.1188775,-8.031285,11.93378,0.02637147,0.4393561,-0.697757,0.56516,0.1665653,0.8379508,-0.4249662,-0.2991623
0.5996217,9.138062,-1.542372,-0.1188775,-8.031285,11.93378,0.02476328,0.442802,-0.69592,0.5648084,0.1682268,0.8393835,-0.4213449,-0.2993384
0.5996217,9.138062,-1.542372,-0.1188775,-8.031285,11.93378,0.02493885,0.4469755,-0.6942894,0.5635186,0.1705718,0.8399223,-0.4178857,-0.3013426
0.5996217,9.138062,-1.542372,-0.1188775,-8.031285,11.93378,0.02567521,0.4511958,-0.6927836,0.5619733,0.1730303,0.8401387,-0.4146182,-0.3038407
0.5996217,9.138062,-1.542372,-0.1188775,-8.031285,11.93378,0.02665678,0.4551039,-0.6914591,0.5604054,0.1753535,0.8401558,-0.4117086,-0.3064072
0.600069,9.137439,-1.541821,-0.1251149,-8.036792,11.92931,0.02685301,0.4558845,-0.6911925,0.5600904,0.1758177,0.8401572,-0.4111258,-0.3069198
0.600069,9.137439,-1.541821,-0.1251149,-8.036792,11.92931,0.02685301,0.4558845,-0.6911925,0.5600904,0.1758177,0.8401572,-0.4111258,-0.3069198
0.6058716,9.129348,-1.534678,-0.206022,-8.108214,11.87128,0.02685301,0.4558845,-0.6911925,0.5600904,0.1758177,0.8401572,-0.4111258,-0.3069198
0.6117218,9.121191,-1.527478,-0.2875915,-8.180222,11.81278,0.02685301,0.4558845,-0.6911925,0.5600904,0.1758177,0.8401572,-0.4111258,-0.3069198
0.6174788,9.113163,-1.520391,-0.3678659,-8.251087,11.75521,0.02685301,0.4558845,-0.6911925,0.5600904,0.1758177,0.8401572,-0.4111258,-0.3069198
0.6232871,9.105065,-1.513242,-0.4488501,-8.322578,11.69713,0.02685301,0.4558845,-0.6911925,0.5600904,0.1758177,0.8401572,-0.4111258,-0.3069198
0.6267083,9.100335,-1.509061,-0.4961512,-8.364388,11.66292,0.0226561,0.4578042,-0.689127,0.561254,0.1762937,0.8427646,-0.4076164,-0.3041666
0.6267083,9.100335,-1.509061,-0.4961512,-8.364388,11.66292,0.01889342,0.4613596,-0.6864885,0.5617152,0.1777398,0.8453349,-0.4028688,-0.3025132
0.6267083,9.100335,-1.509061,-0.4961512,-8.364388,11.66292,0.01547006,0.466866,-0.6831063,0.5613934,0.1803116,0.8479478,-0.3965519,-0.3020245
0.6267083,9.100335,-1.509061,-0.4961512,-8.364388,11.66292,0.01327142,0.4785027,-0.6774539,0.5584939,0.1864071,0.8505895,-0.3853582,-0.3053671
0.6267083,9.100335,-1.509061,-0.4961512,-8.364388,11.66292,0.01573218,0.4896841,-0.6733961,0.5536242,0.1928222,0.8504861,-0.3765341,-0.3125941
0.6267083,9.100335,-1.509061,-0.4961512,-8.364388,11.66292,0.01859583,0.4990825,-0.670132,0.5490847,0.1983155,0.8498517,-0.369365,-0.3193628
0.6267083,9.100335,-1.509061,-0.4961512,-8.364388,11.66292,0.01859583,0.4990825,-0.670132,0.5490847,0.1983155,0.8498517,-0.369365,-0.3193628
0.6331403,9.09186,-1.5029,-0.5809041,-8.426004,11.5986,0.01859583,0.4990825,-0.670132,0.5490847,0.1983155,0.8498517,-0.369365,-0.3193628
0.6397989,9.083086,-1.496521,-0.6686396,-8.489789,11.53201,0.01859583,0.4990825,-0.670132,0.5490847,0.1983155,0.8498517,-0.369365,-0.3193628
0.6462845,9.074541,-1.490309,-0.7540941,-8.551913,11.46715,0.01859583,0.4990825,-0.670132,0.5490847,0.1983155,0.8498517,-0.369365,-0.3193628
0.6529502,9.065778,-1.483951,-0.8417233,-8.615493,11.4005,0.01596342,0.5027831,-0.6675025,0.5489944,0.2001192,0.8516583,-0.3648387,-0.3186273
0.6552485,9.062843,-1.481875,-0.8710676,-8.636249,11.37751,0.008505344,0.5256582,-0.6540285,0.5439281,0.2120316,0.8575547,-0.3404019,-0.3221319
0.6552485,9.062843,-1.481875,-0.8710676,-8.636249,11.37751,0.02301323,0.5497817,-0.6476098,0.5270788,0.2261319,0.8507286,-0.3239601,-0.346663
0.6552485,9.062843,-1.481875,-0.8710676,-8.636249,11.37751,0.04507358,0.5670718,-0.6466698,0.5081497,0.2368127,0.8384089,-0.3164107,-0.3753327
0.6552485,9.062843,-1.481875,-0.8710676,-8.636249,11.37751,0.07157366,0.5825523,-0.6472676,0.486369,0.2466136,0.8223076,-0.311329,-0.4075123
0.6552485,9.062843,-1.481875,-0.8710676,-8.636249,11.37751,0.08874123,0.5888467,-0.6492882,0.473085,0.2506924,0.8112394,-0.3111338,-0.4268956
0.6552485,9.062843,-1.481875,-0.8710676,-8.636249,11.37751,0.08874123,0.5888467,-0.6492882,0.473085,0.2506924,0.8112394,-0.3111338,-0.4268956
0.6552485,9.062843,-1.481875,-0.8710676,-8.636249,11.37751,0.08874123,0.5888467,-0.6492882,0.473085,0.2506924,0.8112394,-0.3111338,-0.4268956
0.6590753,9.055494,-1.479357,-0.9445571,-8.661429,11.33925,0.08874123,0.5888467,-0.6492882,0.473085,0.2506924,0.8112394,-0.3111338,-0.4268956
0.66439,9.045288,-1.47586,-1.046616,-8.696398,11.2861,0.08874123,0.5888467,-0.6492882,0.473085,0.2506924,0.8112394,-0.3111338,-0.4268956
0.6699889,9.034536,-1.472176,-1.154132,-8.733237,11.23011,0.08874123,0.5888467,-0.6492882,0.473085,0.2506924,0.8112394,-0.3111338,-0.4268956
0.6757601,9.023375,-1.4684,-1.26575,-8.771005,11.1724,0.09397428,0.5939169,-0.6476979,0.4678879,0.2540405,0.8077642,-0.3078216,-0.4338506
0.6803014,9.014076,-1.465584,-1.358738,-8.799161,11.12699,0.1080069,0.6008549,-0.6476583,0.455902,0.2585527,0.7982041,-0.3053561,-0.4503091
0.6803014,9.014076,-1.465584,-1.358738,-8.799161,11.12699,0.1199508,0.5983278,-0.6531986,0.4482713,0.2566756,0.7899235,-0.3115465,-0.4616029
0.6803014,9.014076,-1.465584,-1.358738,-8.799161,11.12699,0.1388446,0.5875841,-0.6661797,0.4378034,0.2490262,0.7763613,-0.3276218,-0.4774024
0.6803014,9.014076,-1.465584,-1.358738,-8.799161,11.12699,0.1444396,0.583192,-0.6707175,0.434928,0.2459211,0.7721989,-0.3334466,-0.4817106
0.6803014,9.014076,-1.465584,-1.358738,-8.799161,11.12699,0.1444396,0.583192,-0.6707175,0.434928,0.2459211,0.7721989,-0.3334466,-0.4817106
0.6803014,9.014076,-1.465584,-1.358738,-8.799161,11.12699,0.1444396,0.583192,-0.6707175,0.434928,0.2459211,0.7721989,-0.3334466,-0.4817106
0.6803014,9.014076,-1.465584,-1.358738,-8.799161,11.12699,0.1444396,0.583192,-0.6707175,0.434928,0.2459211,0.7721989,-0.3334466,-0.4817106
0.6803014,9.014076,-1.465584,-1.358738,-8.799161,11.12699,0.1444396,0.583192,-0.6707175,0.434928,0.2459211,0.7721989,-0.3334466,-0.4817106
0.6876119,9.019307,-1.456747,-1.30643,-8.887533,11.05388,0.1444396,0.583192,-0.6707175,0.434928,0.2459211,0.7721989,-0.3334466,-0.4817106
0.6978002,9.014977,-1.445467,-1.349734,-9.000329,10.952,0.1444396,0.583192,-0.6707175,0.434928,0.2459211,0.7721989,-0.3334466,-0.4817106
0.7087091,9.008958,-1.433513,-1.409926,-9.11987,10.84291,0.1444396,0.583192,-0.6707175,0.434928,0.2459211,0.7721989,-0.3334466,-0.4817106
0.7194976,9.003005,-1.421691,-1.469453,-9.238093,10.73502,0.1444396,0.583192,-0.6707175,0.434928,0.2459211,0.7721989,-0.3334466,-0.4817106
0.7194976,9.003005,-1.421691,-1.469453,-9.238093,10.73502,0.1444396,0.583192,-0.6707175,0.434928,0.2459211,0.7721989,-0.3334466,-0.4817106
0.7194976,9.003005,-1.421691,-1.469453,-9.238093,10.73502,0.1420138,0.5863026,-0.6679022,0.4358761,0.2481451,0.7740335,-0.3297448,-0.4801712
0.7194976,9.003005,-1.421691,-1.469453,-9.238093,10.73502,0.1485395,0.5996439,-0.6598775,0.4276973,0.2580016,0.7693396,-0.3182352,-0.4901818
0.7194976,9.003005,-1.421691,-1.469453,-9.238093,10.73502,0.1650173,0.6071893,-0.65829,0.4132127,0.2635646,0.7568374,-0.3146653,-0.508642
0.7194976,9.003005,-1.421691,-1.469453,-9.238093,10.73502,0.1811926,0.6040568,-0.6642925,0.4012482,0.2611026,0.7442024,-0.3213382,-0.5241469
0.7194976,9.003005,-1.421691,-1.469453,-9.238093,10.73502,0.1994279,0.5993466,-0.6713848,0.3876271,0.2575084,0.7294653,-0.3295466,-0.5412661
0.7194976,9.003005,-1.421691,-1.469453,-9.238093,10.73502,0.217425,0.5938189,-0.6784266,0.3739555,0.2533864,0.7143881,-0.3379941,-0.5578575
0.7194976,9.003005,-1.421691,-1.469453,-9.238093,10.73502,0.2317307,0.5891441,-0.6837717,0.3628588,0.2499809,0.702022,-0.3446086,-0.5708938
0.7194976,9.003005,-1.421691,-1.469453,-9.238093,10.73502,0.238851,0.5867229,-0.6863474,0.3572586,0.2482426,0.695739,-0.3478671,-0.5773313
0.7238539,9.004457,-1.41653,-1.454937,-9.289702,10.69146,0.238851,0.5867229,-0.6863474,0.3572586,0.2482426,0.695739,-0.3478671,-0.5773313
0.7317219,9.007078,-1.407209,-1.428721,-9.38291,10.61278,0.238851,0.5867229,-0.6863474,0.3572586,0.2482426,0.695739,-0.3478671,-0.5773313
0.7360959,9.008535,-1.402027,-1.414147,-9.434728,10.56904,0.238851,0.5867229,-0.6863474,0.3572586,0.2482426,0.695739,-0.3478671,-0.5773313
0.7360959,9.008535,-1.402027,-1.414147,-9.434728,10.56904,0.238851,0.5867229,-0.6863474,0.3572586,0.2482426,0.695739,-0.3478671,-0.5773313
0.7360959,9.008535,-1.402027,-1.414147,-9.434728,10.56904,0.238851,0.5867229,-0.6863474,0.3572586,0.2482426,0.695739,-0.3478671,-0.5773313
0.7360959,9.008535,-1.402027,-1.414147,-9.434728,10.56904,0.2441925,0.5873001,-0.6862587,0.3528425,0.2490383,0.6911044,-0.3479968,-0.5824544
0.7360959,9.008535,-1.402027,-1.414147,-9.434728,10.56904,0.2489401,0.5870086,-0.6867917,0.3489512,0.2490541,0.6869057,-0.3488372,-0.5868946
0.7360959,9.008535,-1.402027,-1.414147,-9.434728,10.56904,0.2535487,0.6009891,-0.6753348,0.3441631,0.2616831,0.6834691,-0.3360288,-0.5928547
0.7360959,9.008535,-1.402027,-1.414147,-9.434728,10.56904,0.2710342,0.5999588,-0.6770089,0.3290124,0.2614982,0.6674729,-0.3385483,-0.6094947
0.7360959,9.008535,-1.402027,-1.414147,-9.434728,10.56904,0.284071,0.5979913,-0.6788704,0.3175611,0.2603766,0.6551759,-0.3412556,-0.6216858
0.7360959,9.008535,-1.402027,-1.414147,-9.434728,10.56904,0.2965881,0.5960037,-0.680393,0.3063995,0.2592992,0.643104,-0.3436884,-0.6332926
0.7360959,9.008535,-1.402027,-1.414147,-9.434728,10.56904,0.3038506,0.594765,-0.6811908,0.2998477,0.2586362,0.6359764,-0.345062,-0.6399794
0.7360959,9.008535,-1.402027,-1.414147,-9.434728,10.56904,0.3038506,0.594765,-0.6811908,0.2998477,0.2586362,0.6359764,-0.345062,-0.6399794
0.7360959,9.008535,-1.402027,-1.414147,-9.434728,10.56904,0.3038506,0.594765,-0.6811908,0.2998477,0.2586362,0.6359764,-0.345062,-0.6399794
0.7360959,9.008535,-1.402027,-1.414147,-9.434728,10.56904,0.3038506,0.594765,-0.6811908,0.2998477,0.2586362,0.6359764,-0.345062,-0.6399794
0.7360959,9.008535,-1.402027,-1.414147,-9.434728,10.56904,0.3038506,0.594765,-0.6811908,0.2998477,0.2586362,0.6359764,-0.345062,-0.6399794
0.7360959,9.008535,-1.402027,-1.414147,-9.434728,10.56904,0.2935569,0.5895697,-0.6862422,0.3087128,0.2527986,0.6454839,-0.3494711,-0.630328
0.7360959,9.008535,-1.402027,-1.414147,-9.434728,10.56904,0.2799713,0.5946143,-0.6821175,0.3205707,0.2565194,0.6586657,-0.3440226,-0.6180662
0.7360959,9.008535,-1.402027,-1.414147,-9.434728,10.56904,0.2718635,0.6016828,-0.6758525,0.3275536,0.2626237,0.6666127,-0.3367934,-0.6109226
0.7360959,9.008535,-1.402027,-1.414147,-9.434728,10.56904,0.2638712,0.6110324,-0.6672876,0.3342733,0.2709447,0.6743611,-0.3271999,-0.603959
0.7360959,9.008535,-1.402027,-1.414147,-9.434728,10.56904,0.2562454,0.6200777,-0.6587006,0.3405224,0.2790724,0.6815277,-0.3176953,-0.5972506
0.7360959,9.008535,-1.402027,-1.414147,-9.434728,10.56904,0.2510262,0.6262104,-0.6527007,0.3447148,0.2846254,0.6862999,-0.3111156,-0.5926112
0.7360959,9.008535,-1.402027,-1.414147,-9.434728,10.56904,0.2431418,0.6352701,-0.643556,0.3509267,0.2928913,0.6933056,-0.3011772,-0.5855206
0.7360959,9.008535,-1.402027,-1.414147,-9.434728,10.56904,0.2325288,0.6470861,-0.631097,0.3590635,0.3037908,0.7023589,-0.2878015,-0.5758242
0.7360959,9.008535,-1.402027,-1.414147,-9.434728,10.56904,0.2224791,0.6578854,-0.6191448,0.3665372,0.3138784,0.7105442,-0.2751378,-0.5664861
0.7360959,9.008535,-1.402027,-1.414147,-9.434728,10.56904,0.2150502,0.6656311,-0.6102159,0.3719211,0.3211932,0.716359,-0.2657781,-0.559488
0.7360959,9.008535,-1.402027,-1.414147,-9.434728,10.56904,0.2048426,0.6759527,-0.5978203,0.3791284,0.3310517,0.7240294,-0.2529193,-0.5497437
0.7360959,9.008535,-1.402027,-1.414147,-9.434728,10.56904,0.2034751,0.6773077,-0.5961486,0.3800775,0.3323559,0.7250294,-0.2511967,-0.5484269
0.7360959,9.008535,-1.402027,-1.414147,-9.434728,10.56904,0.2034751,0.6773077,-0.5961486,0.3800775,0.3323559,0.7250294,-0.2511967,-0.5484269
0.7360959,9.008535,-1.402027,-1.414147,-9.434728,10.56904,0.2041545,0.6773496,-0.5962929,0.3794118,0.3323115,0.7244499,-0.2512548,-0.5491926
0.7360959,9.008535,-1.402027,-1.414147,-9.434728,10.56904,0.209496,0.6736032,-0.6013157,0.3752194,0.3285014,0.7203212,-0.256214,-0.5545977
0.7360959,9.008535,-1.402027,-1.414147,-9.434728,10.56904,0.2110415,0.6620807,-0.6126496,0.3765251,0.3184989,0.720107,-0.2690678,-0.5546234
0.7360959,9.008535,-1.402027,-1.414147,-9.434728,10.56904,0.2048052,0.6518227,-0.620681,0.3846258,0.3102863,0.7261622,-0.2791446,-0.5463416
0.7360959,9.008535,-1.402027,-1.414147,-9.434728,10.56904,0.1962412,0.6429601,-0.6265671,0.3943418,0.303488,0.7338139,-0.287095,-0.5357133
0.7360959,9.008535,-1.402027,-1.414147,-9.434728,10.56904,0.193976,0.640685,-0.6280093,0.3968631,0.3017574,0.7357907,-0.2890817,-0.5329036
0.7360959,9.008535,-1.402027,-1.414147,-9.434728,10.56904,0.193976,0.640685,-0.6280093,0.3968631,0.3017574,0.7357907,-0.2890817,-0.5329036
0.7360959,9.008535,-1.402027,-1.414147,-9.434728,10.56904,0.193976,0.640685,-0.6280093,0.3968631,0.3017574,0.7357907,-0.2890817,-0.5329036
0.7360959,9.008535,-1.402027,-1.414147,-9.434728,10.56904,0.193976,0.640685,-0.6280093,0.3968631,0.3017574,0.7357907,-0.2890817,-0.5329036
0.7360959,9.008535,-1.402027,-1.414147,-9.434728,10.56904,0.193976,0.640685,-0.6280093,0.3968631,0.3017574,0.7357907,-0.2890817,-0.5329036
0.7360959,9.008535,-1.402027,-1.414147,-9.434728,10.56904,0.193976,0.640685,-0.6280093,0.3968631,0.3017574,0.7357907,-0.2890817,-0.5329036
0.7360959,9.008535,-1.402027,-1.414147,-9.434728,10.56904,0.193976,0.640685,-0.6280093,0.3968631,0.3017574,0.7357907,-0.2890817,-0.5329036
0.7360959,9.008535,-1.402027,-1.414147,-9.434728,10.56904,0.193976,0.640685,-0.6280093,0.3968631,0.3017574,0.7357907,-0.2890817,-0.5329036
0.7360959,9.008535,-1.402027,-1.414147,-9.434728,10.56904,0.193976,0.640685,-0.6280093,0.3968631,0.3017574,0.7357907,-0.2890817,-0.5329036
0.7360959,9.008535,-1.402027,-1.414147,-9.434728,10.56904,0.193976,0.640685,-0.6280093,0.3968631,0.3017574,0.7357907,-0.2890817,-0.5329036
0.7360959,9.008535,-1.402027,-1.414147,-9.434728,10.56904,0.193976,0.640685,-0.6280093,0.3968631,0.3017574,0.7357907,-0.2890817,-0.5329036
0.7377962,9.002381,-1.401361,-1.475685,-9.441391,10.55204,0.193976,0.640685,-0.6280093,0.3968631,0.3017574,0.7357907,-0.2890817,-0.5329036
0.7410499,8.990606,-1.400086,-1.593436,-9.45414,10.5195,0.193976,0.640685,-0.6280093,0.3968631,0.3017574,0.7357907,-0.2890817,-0.5329036
0.7432877,8.982508,-1.399209,-1.674424,-9.462908,10.49712,0.193976,0.640685,-0.6280093,0.3968631,0.3017574,0.7357907,-0.2890817,-0.5329036
0.7432877,8.982508,-1.399209,-1.674424,-9.462908,10.49712,0.193976,0.640685,-0.6280093,0.3968631,0.3017574,0.7357907,-0.2890817,-0.5329036
0.7432877,8.982508,-1.399209,-1.674424,-9.462908,10.49712,0.1939785,0.6403033,-0.6283415,0.3969522,0.3014462,0.7358092,-0.2894845,-0.5328355
0.7432877,8.982508,-1.399209,-1.674424,-9.462908,10.49712,0.194191,0.6514543,-0.6185945,0.3940026,0.3105266,0.7349302,-0.2776669,-0.5351186
0.7432877,8.982508,-1.399209,-1.674424,-9.462908,10.49712,0.2036353,0.6570414,-0.6159208,0.3840193,0.3143876,0.7266731,-0.273267,-0.5462891
0.7456483,8.983183,-1.396367,-1.667675,-9.49133,10.47352,0.2151929,0.6580744,-0.6176147,0.3730712,0.3143619,0.7167837,-0.2739023,-0.5589054
0.7539958,8.98201,-1.38703,-1.679407,-9.584703,10.39004,0.2275102,0.6589609,-0.6192799,0.3612509,0.3142211,0.7059907,-0.2745401,-0.57225
0.7644633,8.971502,-1.377116,-1.784478,-9.683842,10.28537,0.2275102,0.6589609,-0.6192799,0.3612509,0.3142211,0.7059907,-0.2745401,-0.57225
0.7749144,8.961011,-1.367218,-1.889387,-9.782824,10.18086,0.2275102,0.6589609,-0.6192799,0.3612509,0.3142211,0.7059907,-0.2745401,-0.57225
0.7854389,8.950447,-1.35725,-1.995032,-9.882502,10.07561,0.2275102,0.6589609,-0.6192799,0.3612509,0.3142211,0.7059907,-0.2745401,-0.57225
0.7959699,8.940773,-1.347098,-2.091771,-9.984024,9.970301,0.2275102,0.6589609,-0.6192799,0.3612509,0.3142211,0.7059907,-0.2745401,-0.57225
0.7959699,8.940773,-1.347098,-2.091771,-9.984024,9.970301,0.2275102,0.6589609,-0.6192799,0.3612509,0.3142211,0.7059907,-0.2745401,-0.57225
0.7988147,8.941427,-1.343706,-2.085223,-10.01794,9.941853,0.2349424,0.6599611,-0.619671,0.3539228,0.3145776,0.6993062,-0.2742875,-0.5803258
0.7988147,8.941427,-1.343706,-2.085223,-10.01794,9.941853,0.2432936,0.6503243,-0.6302714,0.3473392,0.3053428,0.6923207,-0.28529,-0.588275
0.7988147,8.941427,-1.343706,-2.085223,-10.01794,9.941853,0.2458513,0.6276419,-0.6517339,0.3476574,0.2847084,0.690591,-0.3088003,-0.5887848
0.7988147,8.941427,-1.343706,-2.085223,-10.01794,9.941853,0.2421917,0.5931529,-0.6812634,0.3541086,0.2540948,0.6931667,-0.3422054,-0.5812497
0.8006397,8.942188,-1.341558,-2.077616,-10.03942,9.923602,0.2223461,0.5708562,-0.6974749,0.3717718,0.2337496,0.7088784,-0.3603683,-0.5594527
0.8090597,8.943014,-1.331303,-2.069359,-10.14197,9.839402,0.1992326,0.5543543,-0.7073468,0.390715,0.2184775,0.7265918,-0.3714701,-0.5351093
0.8186251,8.935428,-1.318563,-2.145227,-10.26937,9.743749,0.1992326,0.5543543,-0.7073468,0.390715,0.2184775,0.7265918,-0.3714701,-0.5351093
0.8282369,8.927803,-1.305762,-2.221465,-10.39738,9.647631,0.1992326,0.5543543,-0.7073468,0.390715,0.2184775,0.7265918,-0.3714701,-0.5351093
0.8377957,8.920221,-1.293031,-2.297285,-10.52469,9.552043,0.1992326,0.5543543,-0.7073468,0.390715,0.2184775,0.7265918,-0.3714701,-0.5351093
0.8470972,8.912691,-1.28071,-2.372587,-10.6479,9.459028,0.2045012,0.5628252,-0.7017616,0.3859244,0.2257446,0.7230051,-0.364681,-0.5415818
0.8470972,8.912691,-1.28071,-2.372587,-10.6479,9.459028,0.2195079,0.5813388,-0.6893681,0.3723348,0.2419067,0.7117669,-0.3499359,-0.55894
0.8470972,8.912691,-1.28071,-2.372587,-10.6479,9.459028,0.2433238,0.5825143,-0.6905164,0.353069,0.2441954,0.691388,-0.3521975,-0.5816427
0.8470972,8.912691,-1.28071,-2.372587,-10.6479,9.459028,0.2655808,0.5812,-0.6925079,0.334823,0.244548,0.671475,-0.3558558,-0.6022328
0.8470972,8.912691,-1.28071,-2.372587,-10.6479,9.459028,0.2897432,0.5835594,-0.6904114,0.3143871,0.2486391,0.6493074,-0.3554912,-0.6246635
0.8470972,8.912691,-1.28071,-2.372587,-10.6479,9.459028,0.3150215,0.5804663,-0.6916788,0.2922341,0.2480216,0.6246789,-0.359234,-0.6474662
0.8470972,8.912691,-1.28071,-2.372587,-10.6479,9.459028,0.3434027,0.5759346,-0.692328,0.2665631,0.2467862,0.5957115,-0.3631796,-0.6725511
0.8470972,8.912691,-1.28071,-2.372587,-10.6479,9.459028,0.3749492,0.5697648,-0.6918205,0.2369928,0.2449432,0.5618144,-0.3669989,-0.6997709
0.8470972,8.912691,-1.28071,-2.372587,-10.6479,9.459028,0.4021922,0.5634177,-0.6902765,0.2105239,0.2429287,0.531013,-0.3697875,-0.7226812
0.8470972,8.912691,-1.28071,-2.372587,-10.6479,9.459028,0.4270807,0.5567384,-0.6879102,0.1855368,0.2407228,0.5015524,-0.3718946,-0.7430963
0.8470972,8.912691,-1.28071,-2.372587,-10.6479,9.459028,0.4375799,0.5536548,-0.6866235,0.1747527,0.239682,0.4887255,-0.3726506,-0.7515528
0.8470972,8.912691,-1.28071,-2.372587,-10.6479,9.459028,0.4375799,0.5536548,-0.6866235,0.1747527,0.239682,0.4887255,-0.3726506,-0.7515528
0.8470972,8.912691,-1.28071,-2.372587,-10.6479,9.459028,0.4375799,0.5536548,-0.6866235,0.1747527,0.239682,0.4887255,-0.3726506,-0.7515528
0.8470972,8.912691,-1.28071,-2.372587,-10.6479,9.459028,0.4375799,0.5536548,-0.6866235,0.1747527,0.239682,0.4887255,-0.3726506,-0.7515528
0.8470972,8.912691,-1.28071,-2.372587,-10.6479,9.459028,0.4378033,0.5540304,-0.6861907,0.1747021,0.2401726,0.48856,-0.3723328,-0.7516612
0.8470972,8.912691,-1.28071,-2.372587,-10.6479,9.459028,0.4401775,0.5557054,-0.6836884,0.1732206,0.2427076,0.4862185,-0.3706906,-0.7531754
0.8470972,8.912691,-1.28071,-2.372587,-10.6479,9.459028,0.4400755,0.5573199,-0.6822468,0.1739749,0.2445617,0.4867331,-0.3694886,-0.7528337
0.8470972,8.912691,-1.28071,-2.372587,-10.6479,9.459028,0.4411895,0.5590897,-0.6801541,0.1736688,0.246897,0.4858616,-0.3679614,-0.7533823
0.8470972,8.912691,-1.28071,-2.372587,-10.6479,9.459028,0.4435342,0.5631902,-0.6753495,0.1731972,0.252286,0.4841014,-0.3644454,-0.7544383
0.8470972,8.912691,-1.28071,-2.372587,-10.6479,9.459028,0.4561463,0.5760821,-0.6575726,0.1663083,0.2704821,0.4719083,-0.3519726,-0.7617463
0.8470972,8.912691,-1.28071,-2.372587,-10.6479,9.459028,0.4694433,0.5790555,-0.6484404,0.1544113,0.2772349,0.4562319,-0.3466197,-0.771264
0.8470972,8.912691,-1.28071,-2.372587,-10.6479,9.459028,0.4825476,0.5817913,-0.6390419,0.1424509,0.2838739,0.4403682,-0.3411245,-0.7804649
0.8470972,8.912691,-1.28071,-2.372587,-10.6479,9.459028,0.498193,0.584792,-0.6272772,0.1278493,0.2917786,0.4208628,-0.3342638,-0.7912064
0.8470972,8.912691,-1.28071,-2.372587,-10.6479,9.459028,0.5108514,0.5869974,-0.6173031,0.1157661,0.2981559,0.4046075,-0.3284616,-0.7996929
0.8470972,8.912691,-1.28071,-2.372587,-10.6479,9.459028,0.5241811,0.5890929,-0.6063355,0.102767,0.3048528,0.3870071,-0.3220954,-0.8084213
0.8470972,8.912691,-1.28071,-2.372587,-10.6479,9.459028,0.5381271,0.591022,-0.5943217,0.08884807,0.3118377,0.3680323,-0.3151374,-0.8173113
0.8470972,8.912691,-1.28071,-2.372587,-10.6479,9.459028,0.5509394,0.5925428,-0.5827693,0.07575577,0.3182343,0.3500642,-0.3084609,-0.8252478
0.8470972,8.912691,-1.28071,-2.372587,-10.6479,9.459028,0.5618335,0.5936348,-0.5725347,0.06437996,0.3236567,0.334358,-0.3025567,-0.8318115
0.8470972,8.912691,-1.28071,-2.372587,-10.6479,9.459028,0.5765885,0.5947998,-0.5580301,0.04859206,0.3309751,0.3124167,-0.2942054,-0.8404132
0.8470972,8.912691,-1.28071,-2.372587,-10.6479,9.459028,0.588586,0.5954623,-0.5456532,0.03540988,0.3369025,0.2939697,-0.2870933,-0.8471458
0.8470972,8.912691,-1.28071,-2.372587,-10.6479,9.459028,0.5995333,0.5958275,-0.5338691,0.02309129,0.3422914,0.2766273,-0.2803331,-0.8530693
0.8470972,8.912691,-1.28071,-2.372587,-10.6479,9.459028,0.6109893,0.5959472,-0.5210003,0.009882465,0.3479093,0.2579204,-0.2729625,-0.8590272
0.8470972,8.912691,-1.28071,-2.372587,-10.6479,9.459028,0.6221574,0.595786,-0.507886,-0.003330946,0.3533632,0.2390918,-0.2654632,-0.8645802
0.8470972,8.912691,-1.28071,-2.372587,-10.6479,9.459028,0.6330322,0.5953439,-0.4945323,-0.01654287,0.3586505,0.2201506,-0.2578388,-0.8697256
0.8470972,8.912691,-1.28071,-2.372587,-10.6479,9.459028,0.644996,0.5945038,-0.4791166,-0.03150667,0.3644383,0.1985589,-0.2490511,-0.8750616
0.8470972,8.912691,-1.28071,-2.372587,-10.6479,9.459028,0.6538817,0.5936185,-0.4671319,-0.04293713,0.3687156,0.1819658,-0.2422289,-0.8787846
0.8470972,8.912691,-1.28071,-2.372587,-10.6479,9.459028,0.6585705,0.5930548,-0.4606099,-0.04908603,0.3709647,0.173004,-0.2385198,-0.8806606
0.8470972,8.912691,-1.28071,-2.372587,-10.6479,9.459028,0.6585705,0.5930548,-0.4606099,-0.04908603,0.3709647,0.173004,-0.2385198,-0.8806606
0.8470972,8.912691,-1.28071,-2.372587,-10.6479,9.459028,0.6585705,0.5930548,-0.4606099,-0.04908603,0.3709647,0.173004,-0.2385198,-0.8806606
0.8470972,8.912691,-1.28071,-2.372587,-10.6479,9.459028,0.6593003,0.5922961,-0.4603249,-0.05108293,0.3700943,0.1711189,-0.238123,-0.8815021
0.8470972,8.912691,-1.28071,-2.372587,-10.6479,9.459028,0.6618145,0.5863508,-0.4628213,-0.06317331,0.3610854,0.1620921,-0.2375558,-0.88708
0.8470972,8.912691,-1.28071,-2.372587,-10.6479,9.459028,0.6593461,0.5777348,-0.4753593,-0.07428844,0.3437166,0.1597298,-0.2413411,-0.8933643
0.8470972,8.912691,-1.28071,-2.372587,-10.6479,9.459028,0.6535345,0.5700512,-0.4913914,-0.08042884,0.3258827,0.1637396,-0.2472229,-0.8977029
0.8470972,8.912691,-1.28071,-2.372587,-10.6479,9.459028,0.6419125,0.5627655,-0.5145672,-0.08039898,0.3048559,0.1775106,-0.2566576,-0.8998221
0.8470972,8.912691,-1.28071,-2.372587,-10.6479,9.459028,0.6310213,0.5558147,-0.5351819,-0.08039007,0.285632,0.1897926,-0.2649992,-0.9012039
0.8470972,8.912691,-1.28071,-2.372587,-10.6479,9.459028,0.6133034,0.549069,-0.5629201,-0.07418254,0.2626349,0.2122516,-0.276486,-0.8997376
0.8470972,8.912691,-1.28071,-2.372587,-10.6479,9.459028,0.5935689,0.5478148,-0.5865544,-0.05940485,0.2477122,0.2406978,-0.2864518,-0.8936715
0.8470972,8.912691,-1.28071,-2.372587,-10.6479,9.459028,0.5785944,0.5482585,-0.6020566,-0.04657127,0.2391126,0.2625747,-0.2929106,-0.8877404
0.8470972,8.912691,-1.28071,-2.372587,-10.6479,9.459028,0.5600301,0.5504819,-0.6184705,-0.0288156,0.2316129,0.2900534,-0.2996016,-0.878899
0.8470972,8.912691,-1.28071,-2.372587,-10.6479,9.459028,0.5361015,0.5549344,-0.6361005,-0.004380435,0.2252774,0.3252765,-0.3064436,-0.8657584
0.8470972,8.912691,-1.28071,-2.372587,-10.6479,9.459028,0.5163388,0.5594438,-0.6481847,0.01654549,0.2220717,0.3539175,-0.3108126,-0.8537108
0.8470972,8.912691,-1.28071,-2.372587,-10.6479,9.459028,0.5004928,0.5630618,-0.6567795,0.03330176,0.2200384,0.3763251,-0.3137562,-0.8435162
0.8470972,8.912691,-1.28071,-2.372587,-10.6479,9.459028,0.479352,0.5677294,-0.6669548,0.05546527,0.217796,0.4053987,-0.3170213,-0.8292854
0.8470972,8.912691,-1.28071,-2.372587,-10.6479,9.459028,0.4603724,0.571592,-0.6750621,0.07504125,0.2159718,0.4306615,-0.3194419,-0.8159926
0.8470972,8.912691,-1.28071,-2.372587,-10.6479,9.459028,0.439938,0.5752702,-0.682906,0.09569822,0.2140002,0.4569682,-0.3216361,-0.801208
0.8470972,8.912691,-1.28071,-2.372587,-10.6479,9.459028,0.417696,0.5786106,-0.6905808,0.1176348,0.2116803,0.484565,-0.3236505,-0.7846263
0.8470972,8.912691,-1.28071,-2.372587,-10.6479,9.459028,0.3978751,0.5810372,-0.696704,0.1367292,0.2094687,0.5082976,-0.3251355,-0.7694436
0.8470972,8.912691,-1.28071,-2.372587,-10.6479,9.459028,0.3820771,0.5826174,-0.7011238,0.1516558,0.2076132,0.52666,-0.3261197,-0.7570813
0.8470972,8.912691,-1.28071,-2.372587,-10.6479,9.459028,0.3660903,0.5839096,-0.7051971,0.1665074,0.2056551,0.5447618,-0.3269426,-0.7443448
0.8470972,8.912691,-1.28071,-2.372587,-10.6479,9.459028,0.348444,0.5849899,-0.7092428,0.182615,0.2034031,0.5642018,-0.3276559,-0.7300309
0.8470972,8.912691,-1.28071,-2.372587,-10.6479,9.459028,0.3275981,0.5858154,-0.7134353,0.2012706,0.2006244,0.5864616,-0.3282443,-0.7127891
0.8470972,8.912691,-1.28071,-2.372587,-10.6479,9.459028,0.3004132,0.5861874,-0.7179857,0.2250177,0.1968163,0.6143888,-0.3286147,-0.6897843
0.8470972,8.912691,-1.28071,-2.372587,-10.6479,9.459028,0.2789927,0.58594,-0.7208681,0.2432832,0.1936739,0.6355493,-0.328602,-0.6712587
0.8470972,8.912691,-1.28071,-2.372587,-10.6479,9.459028,0.2651032,0.5855331,-0.7224163,0.2549234,0.1915717,0.6488848,-0.3284549,-0.6590647
0.8470972,8.912691,-1.28071,-2.372587,-10.6479,9.459028,0.2651032,0.5855331,-0.7224163,0.2549234,0.1915717,0.6488848,-0.3284549,-0.6590647
0.8470972,8.912691,-1.28071,-2.372587,-10.6479,9.459028,0.2651032,0.5855331,-0.7224163,0.2549234,0.1915717,0.6488848,-0.3284549,-0.6590647
0.8470972,8.912691,-1.28071,-2.372587,-10.6479,9.459028,0.2651032,0.5855331,-0.7224163,0.2549234,0.1915717,0.6488848,-0.3284549,-0.6590647
0.8470972,8.912691,-1.28071,-2.372587,-10.6479,9.459028,0.269286,0.5827116,-0.7244508,0.2512035,0.1893753,0.64454,-0.3311144,-0.6626225
0.8470972,8.912691,-1.28071,-2.372587,-10.6479,9.459028,0.2754005,0.5547271,-0.7465413,0.2431226,0.1633545,0.6344953,-0.3551686,-0.6667731
0.8470972,8.912691,-1.28071,-2.372587,-10.6479,9.459028,0.2659296,0.5295553,-0.766593,0.2473617,0.1381268,0.6387902,-0.3751645,-0.6573581
0.8470972,8.912691,-1.28071,-2.372587,-10.6479,9.459028,0.2449085,0.4957338,-0.792127,0.2584623,0.1034888,0.6507073,-0.399882,-0.6371534
0.8470972,8.912691,-1.28071,-2.372587,-10.6479,9.459028,0.2223396,0.4647796,-0.8134356,0.2699403,0.07181195,0.6629079,-0.4204679,-0.6153072
0.8470972,8.912691,-1.28071,-2.372587,-10.6479,9.459028,0.2024947,0.435399,-0.8315219,0.2792761,0.04282394,0.6718511,-0.4389468,-0.5950697
0.8470972,8.912691,-1.28071,-2.372587,-10.6479,9.459028,0.1728887,0.4001713,-0.8510056,0.2928515,0.007453,0.6855698,-0.4582872,-0.5656071
0.8470972,8.912691,-1.28071,-2.372587,-10.6479,9.459028,0.1487689,0.3704849,-0.8652843,0.3031366,-0.02144685,0.6950685,-0.4733525,-0.5407007
0.8470972,8.912691,-1.28071,-2.372587,-10.6479,9.459028,0.1304089,0.3480697,-0.8748685,0.3105578,-0.04291607,0.7015435,-0.4838828,-0.5213947
0.8470972,8.912691,-1.28071,-2.372587,-10.6479,9.459028,0.1304089,0.3480697,-0.8748685,0.3105578,-0.04291607,0.7015435,-0.4838828,-0.5213947
0.8470972,8.912691,-1.28071,-2.372587,-10.6479,9.459028,0.1304089,0.3480697,-0.8748685,0.3105578,-0.04291607,0.7015435,-0.4838828,-0.5213947
0.8470972,8.912691,-1.28071,-2.372587,-10.6479,9.459028,0.1350669,0.3508435,-0.8737086,0.3087053,-0.03954645,0.6990953,-0.4833187,-0.5254569
0.8470972,8.912691,-1.28071,-2.372587,-10.6479,9.459028,0.1504116,0.3571278,-0.8708325,0.3024679,-0.0304126,0.6900083,-0.4832921,-0.5379521
0.8470972,8.912691,-1.28071,-2.372587,-10.6479,9.459028,0.1591609,0.3525737,-0.8724549,0.2986339,-0.03104321,0.6822507,-0.488838,-0.5427778
0.8470972,8.912691,-1.28071,-2.372587,-10.6479,9.459028,0.1721968,0.3470554,-0.8741337,0.2929013,-0.03099011,0.6709468,-0.4960882,-0.5502422
0.8470972,8.912691,-1.28071,-2.372587,-10.6479,9.459028,0.1897246,0.3355958,-0.8776424,0.2848227,-0.03374962,0.6541681,-0.508297,-0.55907
0.8470972,8.912691,-1.28071,-2.372587,-10.6479,9.459028,0.2067877,0.3264274,-0.8797583,0.2769647,-0.03478925,0.6381813,-0.5185416,-0.5680043
0.8470972,8.912691,-1.28071,-2.372587,-10.6479,9.459028,0.2224,0.3138997,-0.8829149,0.2691963,-0.03870946,0.6218054,-0.5303057,-0.5750091
0.8470972,8.912691,-1.28071,-2.372587,-10.6479,9.459028,0.241614,0.2977997,-0.8863853,0.2593437,-0.04381392,0.6009573,-0.5447717,-0.5832276
0.8470972,8.912691,-1.28071,-2.372587,-10.6479,9.459028,0.2594656,0.2825063,-0.8890452,0.2499332,-0.04857006,0.5810095,-0.5579689,-0.590542
0.8470972,8.912691,-1.28071,-2.372587,-10.6479,9.459028,0.2712739,0.2722082,-0.8904984,0.2435692,-0.05172354,0.5675009,-0.5665666,-0.5952057
0.8470972,8.912691,-1.28071,-2.372587,-10.6479,9.459028,0.2712739,0.2722082,-0.8904984,0.2435692,-0.05172354,0.5675009,-0.5665666,-0.5952057
0.8470972,8.912691,-1.28071,-2.372587,-10.6479,9.459028,0.2712739,0.2722082,-0.8904984,0.2435692,-0.05172354,0.5675009,-0.5665666,-0.5952057
0.8470972,8.912691,-1.28071,-2.372587,-10.6479,9.459028,0.2711676,0.2725967,-0.8903795,0.2436875,-0.05146382,0.567748,-0.566319,-0.5952281
0.8470972,8.912691,-1.28071,-2.372587,-10.6479,9.459028,0.2711307,0.2738395,-0.8899359,0.2439554,-0.05050517,0.5683001,-0.5655913,-0.5954753
0.8470972,8.912691,-1.28071,-2.372587,-10.6479,9.459028,0.2707662,0.2761726,-0.8891584,0.2445646,-0.04882751,0.5695647,-0.5641583,-0.5957663
0.8470972,8.912691,-1.28071,-2.372587,-10.6479,9.459028,0.2721688,0.2905424,-0.8834575,0.2470063,-0.03687009,0.5744187,-0.5560451,-0.5995812
0.8470972,8.912691,-1.28071,-2.372587,-10.6479,9.459028,0.2931933,0.2992867,-0.87559,0.2404314,-0.02133937,0.5610574,-0.554964,-0.6138193
0.8470972,8.912691,-1.28071,-2.372587,-10.6479,9.459028,0.3136438,0.2997003,-0.8705738,0.2321823,-0.01252375,0.5444063,-0.5583498,-0.6258678
0.8470972,8.912691,-1.28071,-2.372587,-10.6479,9.459028,0.3353838,0.2999461,-0.8647143,0.2232023,-0.003091014,0.5262395,-0.5616772,-0.638421
0.8470972,8.912691,-1.28071,-2.372587,-10.6479,9.459028,0.3584613,0.2996078,-0.8580389,0.2133306,0.006680369,0.5062581,-0.5651115,-0.6513887
0.8470972,8.912691,-1.28071,-2.372587,-10.6479,9.459028,0.378846,0.2991584,-0.8515849,0.2044091,0.01541427,0.4881532,-0.5678408,-0.6625901
0.8470972,8.912691,-1.28071,-2.372587,-10.6479,9.459028,0.3846361,0.2985221,-0.8498624,0.2016768,0.01748629,0.4827126,-0.5688266,-0.6656719
0.8470972,8.912691,-1.28071,-2.372587,-10.6479,9.459028,0.3846361,0.2985221,-0.8498624,0.2016768,0.01748629,0.4827126,-0.5688266,-0.6656719
0.8470972,8.912691,-1.28071,-2.372587,-10.6479,9.459028,0.3846361,0.2985221,-0.8498624,0.2016768,0.01748629,0.4827126,-0.5688266,-0.6656719
0.8470972,8.912691,-1.28071,-2.372587,-10.6479,9.459028,0.3846361,0.2985221,-0.8498624,0.2016768,0.01748629,0.4827126,-0.5688266,-0.6656719
0.8470972,8.912691,-1.28071,-2.372587,-10.6479,9.459028,0.3964708,0.2996347,-0.8451404,0.1968954,0.02393025,0.4725998,-0.569436,-0.6721752
0.8470972,8.912691,-1.28071,-2.372587,-10.6479,9.459028,0.4086446,0.2935237,-0.8432417,0.1892008,0.02406372,0.4586608,-0.5737817,-0.6781046
0.8470972,8.912691,-1.28071,-2.372587,-10.6479,9.459028,0.4168563,0.2830129,-0.844511,0.1814825,0.01842041,0.4460751,-0.5799184,-0.6814488
0.8470972,8.912691,-1.28071,-2.372587,-10.6479,9.459028,0.425943,0.2682457,-0.8468502,0.1716436,0.009491013,0.4303983,-0.5880955,-0.6846977
0.8470972,8.912691,-1.28071,-2.372587,-10.6479,9.459028,0.435168,0.2486689,-0.8504868,0.1595773,-0.003536299,0.4117825,-0.5982816,-0.6873732
0.8470972,8.912691,-1.28071,-2.372587,-10.6479,9.459028,0.4410411,0.2290411,-0.8549486,0.1486132,-0.01812653,0.3957809,-0.6077809,-0.6882088
0.8470972,8.912691,-1.28071,-2.372587,-10.6479,9.459028,0.444305,0.2095498,-0.8599336,0.1385504,-0.03376416,0.3818644,-0.6166196,-0.687619
0.8470972,8.912691,-1.28071,-2.372587,-10.6479,9.459028,0.4482266,0.1838993,-0.8657817,0.1252842,-0.0541858,0.3633693,-0.6276966,-0.6863117
0.8470972,8.912691,-1.28071,-2.372587,-10.6479,9.459028,0.4509584,0.1641733,-0.8697378,0.1150641,-0.069771,0.3490084,-0.6357935,-0.6849027
0.8470972,8.912691,-1.28071,-2.372587,-10.6479,9.459028,0.453088,0.1474154,-0.8727344,0.1063697,-0.08293064,0.3367158,-0.6423884,-0.6834341
0.8446192,8.911537,-1.278929,-2.384126,-10.66571,9.483808,0.453088,0.1474154,-0.8727344,0.1063697,-0.08293064,0.3367158,-0.6423884,-0.6834341
0.8351739,8.907139,-1.272139,-2.428114,-10.73361,9.57826,0.453088,0.1474154,-0.8727344,0.1063697,-0.08293064,0.3367158,-0.6423884,-0.6834341
0.8257549,8.902752,-1.265368,-2.471979,-10.80132,9.672451,0.453088,0.1474154,-0.8727344,0.1063697,-0.08293064,0.3367158,-0.6423884,-0.6834341
0.8165587,8.89847,-1.258757,-2.514806,-10.86742,9.764413,0.453088,0.1474154,-0.8727344,0.1063697,-0.08293064,0.3367158,-0.6423884,-0.6834341
0.8072579,8.894138,-1.252071,-2.55812,-10.93429,9.857421,0.453088,0.1474154,-0.8727344,0.1063697,-0.08293064,0.3367158,-0.6423884,-0.6834341
0.7973692,8.889533,-1.244963,-2.604173,-11.00537,9.956307,0.453088,0.1474154,-0.8727344,0.1063697,-0.08293064,0.3367158,-0.6423884,-0.6834341
0.7875618,8.884965,-1.237913,-2.649847,-11.07587,10.05438,0.453088,0.1474154,-0.8727344,0.1063697,-0.08293064,0.3367158,-0.6423884,-0.6834341
0.777729,8.880386,-1.230845,-2.695639,-11.14655,10.15271,0.453088,0.1474154,-0.8727344,0.1063697,-0.08293064,0.3367158,-0.6423884,-0.6834341
0.7674326,8.875591,-1.223443,-2.743591,-11.22057,10.25567,0.453088,0.1474154,-0.8727344,0.1063697,-0.08293064,0.3367158,-0.6423884,-0.6834341
0.7578162,8.871113,-1.21653,-2.788375,-11.2897,10.35184,0.453088,0.1474154,-0.8727344,0.1063697,-0.08293064,0.3367158,-0.6423884,-0.6834341
0.7416205,8.866158,-1.219904,-2.837926,-11.25596,10.51379,0.453088,0.1474154,-0.8727344,0.1063697,-0.08293064,0.3367158,-0.6423884,-0.6834341
0.725651,8.861163,-1.222599,-2.887871,-11.22901,10.67349,0.453088,0.1474154,-0.8727344,0.1063697,-0.08293064,0.3367158,-0.6423884,-0.6834341
0.725651,8.861163,-1.222599,-2.887871,-11.22901,10.67349,0.453088,0.1474154,-0.8727344,0.1063697,-0.08293064,0.3367158,-0.6423884,-0.6834341
0.7165112,8.856907,-1.216029,-2.930436,-11.29471,10.76489,0.453088,0.1474154,-0.8727344,0.1063697,-0.08293064,0.3367158,-0.6423884,-0.6834341
0.7073758,8.852653,-1.209462,-2.972979,-11.36038,10.85624,0.453088,0.1474154,-0.8727344,0.1063697,-0.08293064,0.3367158,-0.6423884,-0.6834341
0.699104,8.848406,-1.201231,-3.015438,-11.44269,10.93896,0.453088,0.1474154,-0.8727344,0.1063697,-0.08293064,0.3367158,-0.6423884,-0.6834341
0.7044671,8.848182,-1.189288,-3.017684,-11.56212,10.88533,0.453088,0.1474154,-0.8727344,0.1063697,-0.08293064,0.3367158,-0.6423884,-0.6834341
0.7114439,8.848823,-1.179167,-3.011273,-11.66333,10.81556,0.453088,0.1474154,-0.8727344,0.1063697,-0.08293064,0.3367158,-0.6423884,-0.6834341
0.7185849,8.849479,-1.168808,-3.004711,-11.76692,10.74415,0.453088,0.1474154,-0.8727344,0.1063697,-0.08293064,0.3367158,-0.6423884,-0.6834341
0.7226385,8.848762,-1.156602,-3.011885,-11.88898,10.70361,0.453088,0.1474154,-0.8727344,0.1063697,-0.08293064,0.3367158,-0.6423884,-0.6834341
0.7130213,8.844283,-1.149688,-3.056673,-11.95812,10.79979,0.453088,0.1474154,-0.8727344,0.1063697,-0.08293064,0.3367158,-0.6423884,-0.6834341
0.7054086,8.840737,-1.144216,-3.092127,-12.01284,10.87591,0.4557245,0.1479622,-0.8713088,0.1060354,-0.08079331,0.3347909,-0.6425533,-0.68448
0.7054086,8.840737,-1.144216,-3.092127,-12.01284,10.87591,0.4620324,0.1459728,-0.8686131,0.1035829,-0.0785125,0.3280682,-0.6441278,-0.6865177
0.7054086,8.840737,-1.144216,-3.092127,-12.01284,10.87591,0.4709725,0.1410782,-0.865143,0.09904268,-0.07702481,0.3171457,-0.64704,-0.6890755
0.7054086,8.840737,-1.144216,-3.092127,-12.01284,10.87591,0.4786097,0.1305346,-0.8634027,0.09181017,-0.08122411,0.3035689,-0.6516441,-0.6903685
0.7054086,8.840737,-1.144216,-3.092127,-12.01284,10.87591,0.4822148,0.1174362,-0.8640667,0.08406286,-0.09017639,0.2916755,-0.656454,-0.6898274
0.7054086,8.840737,-1.144216,-3.092127,-12.01284,10.87591,0.484203,0.1006305,-0.8659426,0.07459569,-0.1032566,0.2784829,-0.6620554,-0.6880902
0.7054086,8.840737,-1.144216,-3.092127,-12.01284,10.87591,0.4480375,0.07726201,-0.8881322,0.06718801,-0.1478223,0.2922724,-0.6630479,-0.6731219
0.7054086,8.840737,-1.144216,-3.092127,-12.01284,10.87591,0.4109959,0.09041406,-0.9037802,0.07803388,-0.1621681,0.3306161,-0.6511979,-0.6635781
0.7054086,8.840737,-1.144216,-3.092127,-12.01284,10.87591,0.375833,0.1159273,-0.9146191,0.09371412,-0.1645723,0.3742138,-0.6341195,-0.6563327
0.7054086,8.840737,-1.144216,-3.092127,-12.01284,10.87591,0.3513534,0.1442884,-0.9186509,0.1086838,-0.1571626,0.4101348,-0.6171999,-0.6528044
0.7054086,8.840737,-1.144216,-3.092127,-12.01284,10.87591,0.32139,0.189344,-0.9186004,0.1305016,-0.1386824,0.458528,-0.590574,-0.6494164
0.7054086,8.840737,-1.144216,-3.092127,-12.01284,10.87591,0.288879,0.2375226,-0.9146575,0.1534072,-0.1174243,0.5083541,-0.5597105,-0.6438259
0.7054086,8.840737,-1.144216,-3.092127,-12.01284,10.87591,0.2600176,0.278516,-0.9082909,0.1727063,-0.09852547,0.5497478,-0.5312494,-0.637059
0.7024229,8.835495,-1.138225,-3.144554,-12.07275,10.90577,0.25115,0.290879,-0.905795,0.1784618,-0.09265213,0.5619929,-0.5222639,-0.6346811
0.6980319,8.827785,-1.129414,-3.221652,-12.16086,10.94968,0.25115,0.290879,-0.905795,0.1784618,-0.09265213,0.5619929,-0.5222639,-0.6346811
0.6936908,8.820163,-1.120704,-3.297874,-12.24796,10.99309,0.25115,0.290879,-0.905795,0.1784618,-0.09265213,0.5619929,-0.5222639,-0.6346811
0.6893123,8.812474,-1.111918,-3.374754,-12.33582,11.03688,0.25115,0.290879,-0.905795,0.1784618,-0.09265213,0.5619929,-0.5222639,-0.6346811
0.6849993,8.804901,-1.103264,-3.450485,-12.42236,11.08001,0.25115,0.290879,-0.905795,0.1784618,-0.09265213,0.5619929,-0.5222639,-0.6346811
0.680777,8.797304,-1.094457,-3.526461,-12.51043,11.12223,0.2366613,0.288316,-0.9095753,0.183134,-0.100732,0.5721821,-0.5205273,-0.6257093
0.676749,8.789244,-1.084909,-3.607062,-12.60591,11.16251,0.2214866,0.2937295,-0.910367,0.1894694,-0.1028407,0.5860396,-0.5137968,-0.6180568
0.6735014,8.781684,-1.076098,-3.682659,-12.69402,11.19499,0.2038724,0.3082435,-0.907855,0.1980436,-0.09884773,0.6051348,-0.5007638,-0.6109636
0.670696,8.773677,-1.067243,-3.76273,-12.78257,11.22304,0.1901791,0.3290378,-0.9017526,0.2059329,-0.08830141,0.6232721,-0.4844134,-0.6075183
0.6681684,8.76504,-1.058283,-3.849097,-12.87217,11.24832,0.1872531,0.335798,-0.8994206,0.2078906,-0.0842395,0.6279281,-0.4793831,-0.6072906
0.6666949,8.759946,-1.053021,-3.900045,-12.92479,11.26305,0.1872531,0.335798,-0.8994206,0.2078906,-0.0842395,0.6279281,-0.4793831,-0.6072906
0.6666949,8.759946,-1.053021,-3.900045,-12.92479,11.26305,0.1872531,0.335798,-0.8994206,0.2078906,-0.0842395,0.6279281,-0.4793831,-0.6072906
0.6666949,8.759946,-1.053021,-3.900045,-12.92479,11.26305,0.1872531,0.335798,-0.8994206,0.2078906,-0.0842395,0.6279281,-0.4793831,-0.6072906
0.6666949,8.759946,-1.053021,-3.900045,-12.92479,11.26305,0.1801731,0.3338264,-0.9009956,0.2104865,-0.0882548,0.6325677,-0.4789145,-0.6022543
0.6666949,8.759946,-1.053021,-3.900045,-12.92479,11.26305,0.1610947,0.3382799,-0.9010811,0.2183301,-0.09168813,0.6482982,-0.471113,-0.5910628
0.6666949,8.759946,-1.053021,-3.900045,-12.92479,11.26305,0.1493926,0.3453366,-0.8991576,0.2234724,-0.09047803,0.659287,-0.4633431,-0.5852073
0.6666949,8.759946,-1.053021,-3.900045,-12.92479,11.26305,0.1411306,0.3571507,-0.8948505,0.2275264,-0.08452133,0.6691985,-0.4531784,-0.5828027
0.6666949,8.759946,-1.053021,-3.900045,-12.92479,11.26305,0.1321426,0.3708291,-0.8895192,0.2319044,-0.07732155,0.6800551,-0.4413686,-0.5802932
0.6666949,8.759946,-1.053021,-3.900045,-12.92479,11.26305,0.1281738,0.37723,-0.8869023,0.2338234,-0.07383756,0.684891,-0.4358347,-0.5792413
0.6664404,8.756305,-1.049612,-3.936452,-12.95888,11.2656,0.1281738,0.37723,-0.8869023,0.2338234,-0.07383756,0.684891,-0.4358347,-0.5792413
0.6727946,8.749746,-1.037752,-4.002041,-13.07748,11.20205,0.1281738,0.37723,-0.8869023,0.2338234,-0.07383756,0.684891,-0.4358347,-0.5792413
0.6830456,8.744524,-1.023951,-4.05426,-13.21549,11.09954,0.1281738,0.37723,-0.8869023,0.2338234,-0.07383756,0.684891,-0.4358347,-0.5792413
0.6928704,8.739519,-1.010723,-4.104309,-13.34777,11.0013,0.1281738,0.37723,-0.8869023,0.2338234,-0.07383756,0.684891,-0.4358347,-0.5792413
0.7020305,8.734049,-0.9975904,-4.159009,-13.4791,10.90969,0.1281738,0.37723,-0.8869023,0.2338234,-0.07383756,0.684891,-0.4358347,-0.5792413
0.7020305,8.734049,-0.9975904,-4.159009,-13.4791,10.90969,0.1281738,0.37723,-0.8869023,0.2338234,-0.07383756,0.684891,-0.4358347,-0.5792413
0.7013935,8.724932,-0.9890548,-4.250184,-13.56445,10.91607,0.1281738,0.37723,-0.8869023,0.2338234,-0.07383756,0.684891,-0.4358347,-0.5792413
0.7007576,8.715831,-0.9805349,-4.341191,-13.64965,10.92242,0.1281738,0.37723,-0.8869023,0.2338234,-0.07383756,0.684891,-0.4358347,-0.5792413
0.700442,8.706388,-0.9721171,-4.435628,-13.73383,10.92558,0.1112667,0.419476,-0.8679458,0.2415155,-0.0478438,0.7088353,-0.400626,-0.5785865
0.7004598,8.696411,-0.9650472,-4.535388,-13.80453,10.9254,0.1389399,0.4621969,-0.8458811,0.2270571,-0.008843669,0.6980976,-0.3748406,-0.6099804
0.699729,8.68568,-0.959132,-4.642693,-13.86368,10.93271,0.1845592,0.5055664,-0.8182515,0.2020025,0.03693827,0.6706306,-0.3496234,-0.6531873
0.6981498,8.674275,-0.9545226,-4.756743,-13.90977,10.9485,0.2211408,0.5385709,-0.7927125,0.1806796,0.07383943,0.6454111,-0.3279811,-0.6858723
0.6962084,8.662653,-0.9505137,-4.872972,-13.94986,10.96792,0.2211408,0.5385709,-0.7927125,0.1806796,0.07383943,0.6454111,-0.3279811,-0.6858723
0.6942886,8.65116,-0.9465497,-4.987899,-13.9895,10.98711,0.2211408,0.5385709,-0.7927125,0.1806796,0.07383943,0.6454111,-0.3279811,-0.6858723
0.6923445,8.639523,-0.9425355,-5.104273,-14.02964,11.00655,0.2211408,0.5385709,-0.7927125,0.1806796,0.07383943,0.6454111,-0.3279811,-0.6858723
0.6904534,8.628201,-0.9386302,-5.217497,-14.0687,11.02547,0.2211408,0.5385709,-0.7927125,0.1806796,0.07383943,0.6454111,-0.3279811,-0.6858723
0.6886158,8.616603,-0.9345471,-5.333473,-14.10953,11.04384,0.207948,0.5349411,-0.7966675,0.189517,0.06786933,0.6565887,-0.3295957,-0.6750197
0.6873279,8.605009,-0.9301727,-5.449404,-14.15327,11.05672,0.1897842,0.5400895,-0.7945734,0.2023326,0.06881648,0.6736057,-0.3233003,-0.6610572
0.6865677,8.593176,-0.9258182,-5.567744,-14.19682,11.06432,0.1737886,0.5441281,-0.7925044,0.2136797,0.06954599,0.6882618,-0.3179223,-0.6483707
0.6863343,8.581454,-0.92158,-5.684957,-14.2392,11.06666,0.1547633,0.557802,-0.7831393,0.2271522,0.07828905,0.7066651,-0.3036264,-0.6342763
0.6869664,8.569706,-0.917608,-5.802444,-14.27892,11.06034,0.1239268,0.579458,-0.7663422,0.2481742,0.09260835,0.7350238,-0.2794926,-0.6107764
0.6888846,8.557764,-0.9141911,-5.921864,-14.31309,11.04115,0.08842531,0.607062,-0.7416656,0.2712729,0.1125473,0.7657875,-0.2471509,-0.58294
0.6920666,8.546297,-0.9116824,-6.036534,-14.33818,11.00933,0.04568467,0.6485302,-0.7000963,0.2952739,0.1446963,0.7991079,-0.1962623,-0.5495186
0.696439,8.53502,-0.9103423,-6.149305,-14.35158,10.96561,0.0183728,0.6842577,-0.6615198,0.3063419,0.1737263,0.8168733,-0.1509884,-0.5289043
0.7013593,8.523601,-0.9095587,-6.263494,-14.35941,10.91641,0.0183728,0.6842577,-0.6615198,0.3063419,0.1737263,0.8168733,-0.1509884,-0.5289043
0.7061464,8.51249,-0.9087961,-6.374595,-14.36704,10.86854,0.0183728,0.6842577,-0.6615198,0.3063419,0.1737263,0.8168733,-0.1509884,-0.5289043
0.7109274,8.501395,-0.9080347,-6.485551,-14.37465,10.82073,0.0183728,0.6842577,-0.6615198,0.3063419,0.1737263,0.8168733,-0.1509884,-0.5289043
0.7157639,8.490169,-0.9072635,-6.597812,-14.38236,10.77236,0.01850648,0.683969,-0.6618183,0.3063338,0.1734955,0.8168073,-0.1513448,-0.52898
0.7207865,8.478716,-0.9063998,-6.712342,-14.391,10.72213,0.007145137,0.676475,-0.6638547,0.3187905,0.169278,0.8259876,-0.1566577,-0.5143422
0.7264956,8.467487,-0.9052255,-6.824625,-14.40274,10.66504,-0.01609312,0.6763909,-0.6544254,0.3375853,0.1717288,0.8422474,-0.1497634,-0.4885689
0.7326528,8.456989,-0.9043233,-6.929611,-14.41177,10.60347,-0.03735653,0.6819657,-0.6400046,0.3520248,0.1783147,0.8556758,-0.1363536,-0.4662945
0.7395378,8.446503,-0.9036728,-7.034474,-14.41827,10.53462,-0.04935345,0.6892682,-0.628088,0.3577416,0.1847842,0.8622257,-0.123604,-0.4551306
0.7406991,8.444765,-0.9035788,-7.051846,-14.41921,10.52301,-0.04935345,0.6892682,-0.628088,0.3577416,0.1847842,0.8622257,-0.123604,-0.4551306
0.7406991,8.444765,-0.9035788,-7.051846,-14.41921,10.52301,-0.04935345,0.6892682,-0.628088,0.3577416,0.1847842,0.8622257,-0.123604,-0.4551306
0.7406991,8.444765,-0.9035788,-7.051846,-14.41921,10.52301,-0.04935345,0.6892682,-0.628088,0.3577416,0.1847842,0.8622257,-0.123604,-0.4551306
0.7406991,8.444765,-0.9035788,-7.051846,-14.41921,10.52301,-0.04935345,0.6892682,-0.628088,0.3577416,0.1847842,0.8622257,-0.123604,-0.4551306
0.7406991,8.444765,-0.9035788,-7.051846,-14.41921,10.52301,-0.04907939,0.6894243,-0.6281095,0.3574408,0.1848381,0.862027,-0.1235233,-0.4555068
0.7406991,8.444765,-0.9035788,-7.051846,-14.41921,10.52301,-0.04879454,0.6895612,-0.6281517,0.3571414,0.1848782,0.8618244,-0.1234686,-0.4558885
0.7406991,8.444765,-0.9035788,-7.051846,-14.41921,10.52301,-0.04599158,0.6855602,-0.6327972,0.3570147,0.1818931,0.8606819,-0.1291301,-0.4576756
0.7406991,8.444765,-0.9035788,-7.051846,-14.41921,10.52301,-0.04489425,0.6720721,-0.6438456,0.3629967,0.1731645,0.8619043,-0.144938,-0.4540133
0.7406991,8.444765,-0.9035788,-7.051846,-14.41921,10.52301,-0.05101758,0.6604116,-0.6495037,0.3733616,0.1666259,0.8671472,-0.1557181,-0.442768
0.7406991,8.444765,-0.9035788,-7.051846,-14.41921,10.52301,-0.06327969,0.6506748,-0.6502924,0.3869597,0.1620312,0.8756033,-0.1616488,-0.4253639
0.7406991,8.444765,-0.9035788,-7.051846,-14.41921,10.52301,-0.08245386,0.6379593,-0.6487827,0.4065591,0.1566409,0.8878775,-0.1674643,-0.3988645
0.7406991,8.444765,-0.9035788,-7.051846,-14.41921,10.52301,-0.1097528,0.626541,-0.6408856,0.4297283,0.1528155,0.9034538,-0.1671601,-0.3639728
0.7406991,8.444765,-0.9035788,-7.051846,-14.41921,10.52301,-0.1312017,0.6202462,-0.6319648,0.4457592,0.1514195,0.9145859,-0.1631381,-0.3376251
0.7406991,8.444765,-0.9035788,-7.051846,-14.41921,10.52301,-0.1543448,0.6131667,-0.6215085,0.4625273,0.1499204,0.9257737,-0.1582621,-0.3089015
0.7406991,8.444765,-0.9035788,-7.051846,-14.41921,10.52301,-0.1823525,0.6040332,-0.6077895,0.4821655,0.1480283,0.9381703,-0.1517846,-0.2736524
0.7406991,8.444765,-0.9035788,-7.051846,-14.41921,10.52301,-0.2069423,0.5953048,-0.5948641,0.4989225,0.1462105,0.9480169,-0.1457697,-0.242152
0.7406991,8.444765,-0.9035788,-7.051846,-14.41921,10.52301,-0.2278406,0.587392,-0.5832009,0.5127728,0.1445616,0.9556032,-0.1403706,-0.2149898
0.7406991,8.444765,-0.9035788,-7.051846,-14.41921,10.52301,-0.2533011,0.5769867,-0.5681851,0.5292358,0.1423682,0.9638544,-0.1335666,-0.1813175
0.7406991,8.444765,-0.9035788,-7.051846,-14.41921,10.52301,-0.2753198,0.5672886,-0.5544616,0.5430977,0.1403025,0.9700838,-0.1274755,-0.1516664
0.7406991,8.444765,-0.9035788,-7.051846,-14.41921,10.52301,-0.2908868,0.5600276,-0.5443326,0.5526807,0.1387445,0.9739639,-0.1230494,-0.1303963
0.7430309,8.444047,-0.9030715,-7.059027,-14.42428,10.49969,-0.2908868,0.5600276,-0.5443326,0.5526807,0.1387445,0.9739639,-0.1230494,-0.1303963
0.7547369,8.440442,-0.9005257,-7.095075,-14.44974,10.38263,-0.2908868,0.5600276,-0.5443326,0.5526807,0.1387445,0.9739639,-0.1230494,-0.1303963
0.7661276,8.436934,-0.8980482,-7.130153,-14.47452,10.26872,-0.2908868,0.5600276,-0.5443326,0.5526807,0.1387445,0.9739639,-0.1230494,-0.1303963
0.7776066,8.432522,-0.8957763,-7.174284,-14.49724,10.15393,-0.2908868,0.5600276,-0.5443326,0.5526807,0.1387445,0.9739639,-0.1230494,-0.1303963
0.7776066,8.432522,-0.8957763,-7.174284,-14.49724,10.15393,-0.2908868,0.5600276,-0.5443326,0.5526807,0.1387445,0.9739639,-0.1230494,-0.1303963
0.786624,8.417209,-0.8970212,-7.327413,-14.48479,10.06376,-0.2908868,0.5600276,-0.5443326,0.5526807,0.1387445,0.9739639,-0.1230494,-0.1303963
0.7953661,8.402363,-0.8982283,-7.475871,-14.47272,9.976338,-0.2908868,0.5600276,-0.5443326,0.5526807,0.1387445,0.9739639,-0.1230494,-0.1303963
0.8008614,8.39885,-0.8974986,-7.510996,-14.48001,9.921386,-0.2908868,0.5600276,-0.5443326,0.5526807,0.1387445,0.9739639,-0.1230494,-0.1303963
0.8008614,8.39885,-0.8974986,-7.510996,-14.48001,9.921386,-0.2908868,0.5600276,-0.5443326,0.5526807,0.1387445,0.9739639,-0.1230494,-0.1303963
0.8008614,8.39885,-0.8974986,-7.510996,-14.48001,9.921386,-0.2807338,0.5686954,-0.5500337,0.5433571,0.1406425,0.97141,-0.1219809,-0.1473191
0.8008614,8.39885,-0.8974986,-7.510996,-14.48001,9.921386,-0.2504494,0.5704383,-0.5728514,0.5326505,0.1398941,0.9631948,-0.1423071,-0.1800949
0.8008614,8.39885,-0.8974986,-7.510996,-14.48001,9.921386,-0.2260926,0.5476049,-0.5970696,0.5408503,0.1326465,0.9558086,-0.1821112,-0.1888658
0.8008614,8.39885,-0.8974986,-7.510996,-14.48001,9.921386,-0.1956108,0.5181314,-0.6253804,0.549705,0.1234226,0.9444138,-0.2306716,-0.1990981
0.8008614,8.39885,-0.8974986,-7.510996,-14.48001,9.921386,-0.1629497,0.4850408,-0.6535429,0.5577315,0.1131399,0.9296324,-0.281642,-0.2089513
0.8008614,8.39885,-0.8974986,-7.510996,-14.48001,9.921386,-0.1356784,0.4566856,-0.6752576,0.563078,0.1044138,0.9153498,-0.3229858,-0.2165934
0.8008614,8.39885,-0.8974986,-7.510996,-14.48001,9.921386,-0.1356784,0.4566856,-0.6752576,0.563078,0.1044138,0.9153498,-0.3229858,-0.2165934
0.8008614,8.39885,-0.8974986,-7.510996,-14.48001,9.921386,-0.1356784,0.4566856,-0.6752576,0.563078,0.1044138,0.9153498,-0.3229858,-0.2165934
0.8008614,8.39885,-0.8974986,-7.510996,-14.48001,9.921386,-0.1356784,0.4566856,-0.6752576,0.563078,0.1044138,0.9153498,-0.3229858,-0.2165934
0.8008614,8.39885,-0.8974986,-7.510996,-14.48001,9.921386,-0.1356784,0.4566856,-0.6752576,0.563078,0.1044138,0.9153498,-0.3229858,-0.2165934
0.8008614,8.39885,-0.8974986,-7.510996,-14.48001,9.921386,-0.107933,0.4644479,-0.6851133,0.550689,0.1110452,0.9040916,-0.3317107,-0.2454696
0.8008614,8.39885,-0.8974986,-7.510996,-14.48001,9.921386,-0.0936037,0.4501689,-0.6958166,0.5517478,0.1062482,0.8956685,-0.3518959,-0.250317
0.8008614,8.39885,-0.8974986,-7.510996,-14.48001,9.921386,-0.07843316,0.4315372,-0.7077128,0.5538651,0.09962814,0.8857741,-0.3758038,-0.2534759
0.8008614,8.39885,-0.8974986,-7.510996,-14.48001,9.921386,-0.06080934,0.4094897,-0.7208682,0.5558503,0.09183124,0.8735088,-0.4032097,-0.2568491
0.8008614,8.39885,-0.8974986,-7.510996,-14.48001,9.921386,-0.04553923,0.3895619,-0.7318294,0.5573092,0.08475119,0.8621199,-0.4270188,-0.2592714
0.8008614,8.39885,-0.8974986,-7.510996,-14.48001,9.921386,-0.03132899,0.3707947,-0.7415147,0.5582882,0.0781196,0.8509634,-0.4488396,-0.2613461
0.8008614,8.39885,-0.8974986,-7.510996,-14.48001,9.921386,-0.01271692,0.3458917,-0.7534533,0.5590219,0.06937175,0.8355419,-0.4769333,-0.263803
0.8008614,8.39885,-0.8974986,-7.510996,-14.48001,9.921386,0.002622142,0.3250939,-0.7626576,0.5591604,0.06210941,0.8221449,-0.4996732,-0.2656066
0.8008614,8.39885,-0.8974986,-7.510996,-14.48001,9.921386,0.002622142,0.3250939,-0.7626576,0.5591604,0.06210941,0.8221449,-0.4996732,-0.2656066
0.8008614,8.39885,-0.8974986,-7.510996,-14.48001,9.921386,0.002622142,0.3250939,-0.7626576,0.5591604,0.06210941,0.8221449,-0.4996732,-0.2656066
0.8052733,8.39273,-0.8878219,-7.572202,-14.57678,9.877267,0.002622142,0.3250939,-0.7626576,0.5591604,0.06210941,0.8221449,-0.4996732,-0.2656066
0.8096989,8.38659,-0.8781152,-7.633598,-14.67385,9.833011,0.002622142,0.3250939,-0.7626576,0.5591604,0.06210941,0.8221449,-0.4996732,-0.2656066
0.8140193,8.380598,-0.8686329,-7.693524,-14.76867,9.789806,0.002533406,0.3245171,-0.7628005,0.5593011,0.06177564,0.8220426,-0.5000589,-0.2652749
0.8168253,8.376702,-0.86245,-7.732478,-14.8305,9.761746,0.002501518,0.323982,-0.7629429,0.5594171,0.06147886,0.8219203,-0.5004398,-0.2650046
0.8168253,8.376702,-0.86245,-7.732478,-14.8305,9.761746,0.002400637,0.3233961,-0.7630852,0.5595624,0.06113699,0.8218216,-0.5008261,-0.2646598
0.8168253,8.376702,-0.86245,-7.732478,-14.8305,9.761746,0.003614426,0.3300462,-0.7614548,0.5578917,0.06504879,0.8228891,-0.4964574,-0.2686118
0.8168253,8.376702,-0.86245,-7.732478,-14.8305,9.761746,0.009738088,0.3326694,-0.7619429,0.555589,0.06802681,0.8202316,-0.4973003,-0.2743807
0.8168253,8.376702,-0.86245,-7.732478,-14.8305,9.761746,0.01634117,0.3315666,-0.7635634,0.553866,0.06910522,0.8163275,-0.501102,-0.2788026
0.8168253,8.376702,-0.86245,-7.732478,-14.8305,9.761746,0.01053711,0.2815959,-0.776359,0.5637903,0.03978215,0.805604,-0.5345452,-0.2523509
0.8168253,8.376702,-0.86245,-7.732478,-14.8305,9.761746,-0.01946648,0.2641204,-0.7751794,0.573549,0.02151182,0.8161576,-0.5325707,-0.2231421
0.8168253,8.376702,-0.86245,-7.732478,-14.8305,9.761746,-0.04935366,0.246893,-0.7728869,0.582455,0.003553697,0.8257943,-0.5295476,-0.1939856
0.8168253,8.376702,-0.86245,-7.732478,-14.8305,9.761746,-0.08404898,0.2269342,-0.7689069,0.5917929,-0.01711438,0.8358415,-0.5248583,-0.1599996
0.8168253,8.376702,-0.86245,-7.732478,-14.8305,9.761746,-0.1124308,0.210683,-0.7646087,0.5986197,-0.03386842,0.8431711,-0.5200573,-0.1321207
0.8168253,8.376702,-0.86245,-7.732478,-14.8305,9.761746,-0.1424946,0.1931998,-0.7590742,0.6051245,-0.05162222,0.8499465,-0.5142521,-0.1023275
0.8168253,8.376702,-0.86245,-7.732478,-14.8305,9.761746,-0.1808741,0.1703605,-0.7505289,0.6123464,-0.07434808,0.857055,-0.5058204,-0.06383445
0.8168253,8.376702,-0.86245,-7.732478,-14.8305,9.761746,-0.2041447,0.1562223,-0.7445223,0.6161217,-0.08816155,0.8605056,-0.5001385,-0.04023911
0.8168253,8.376702,-0.86245,-7.732478,-14.8305,9.761746,-0.2041447,0.1562223,-0.7445223,0.6161217,-0.08816155,0.8605056,-0.5001385,-0.04023911
0.8168253,8.376702,-0.86245,-7.732478,-14.8305,9.761746,-0.2041447,0.1562223,-0.7445223,0.6161217,-0.08816155,0.8605056,-0.5001385,-0.04023911
0.8168253,8.376702,-0.86245,-7.732478,-14.8305,9.761746,-0.2041447,0.1562223,-0.7445223,0.6161217,-0.08816155,0.8605056,-0.5001385,-0.04023911
0.8168253,8.376702,-0.86245,-7.732478,-14.8305,9.761746,-0.2041447,0.1562223,-0.7445223,0.6161217,-0.08816155,0.8605056,-0.5001385,-0.04023911
0.8168253,8.376702,-0.86245,-7.732478,-14.8305,9.761746,-0.1792189,0.1597049,-0.7510148,0.615103,-0.07771292,0.8525208,-0.513597,-0.05819897
0.8168253,8.376702,-0.86245,-7.732478,-14.8305,9.761746,-0.1655683,0.1471346,-0.7544223,0.6178879,-0.07748403,0.8425065,-0.5298037,-0.05905034
0.8168253,8.376702,-0.86245,-7.732478,-14.8305,9.761746,-0.15876,0.1349767,-0.7559934,0.6205245,-0.07962608,0.8351272,-0.5413906,-0.05584276
0.8168253,8.376702,-0.86245,-7.732478,-14.8305,9.761746,-0.140005,0.1101255,-0.7597944,0.6252867,-0.08219364,0.8176058,-0.5674753,-0.0523141
0.8168253,8.376702,-0.86245,-7.732478,-14.8305,9.761746,-0.1299882,0.07906674,-0.761035,0.6306166,-0.09066994,0.8003533,-0.5912983,-0.03974846
0.8168253,8.376702,-0.86245,-7.732478,-14.8305,9.761746,-0.1205434,0.04940899,-0.7614125,0.6350427,-0.09875207,0.7832038,-0.6132514,-0.02761768
0.8168253,8.376702,-0.86245,-7.732478,-14.8305,9.761746,-0.1105905,0.01793639,-0.760968,0.6390429,-0.1072896,0.7642689,-0.635742,-0.01463547
0.8168253,8.376702,-0.86245,-7.732478,-14.8305,9.761746,-0.1011906,-0.0114568,-0.759794,0.642139,-0.1151512,0.7458333,-0.6560996,-0.002503854
0.8168253,8.376702,-0.86245,-7.732478,-14.8305,9.761746,-0.08993411,-0.04101445,-0.7579778,0.6447475,-0.1220894,0.7258225,-0.6769028,0.008859132
0.8168253,8.376702,-0.86245,-7.732478,-14.8305,9.761746,-0.0796614,-0.08147285,-0.7540925,0.6468081,-0.1342093,0.6995446,-0.7013561,0.02692498
0.8168253,8.376702,-0.86245,-7.732478,-14.8305,9.761746,-0.07226765,-0.1155129,-0.7497656,0.6475228,-0.1450117,0.6770216,-0.7202668,0.0427689
0.8168253,8.376702,-0.86245,-7.732478,-14.8305,9.761746,-0.07246919,-0.1557595,-0.7437508,0.6460047,-0.1629874,0.6532326,-0.7365229,0.06524128
0.8168253,8.376702,-0.86245,-7.732478,-14.8305,9.761746,-0.07670993,-0.1723215,-0.7410325,0.6444314,-0.1728163,0.6449262,-0.7405377,0.07621511
0.8157507,8.380214,-0.8532442,-7.697367,-14.92256,9.772492,-0.07670993,-0.1723215,-0.7410325,0.6444314,-0.1728163,0.6449262,-0.7405377,0.07621511
0.8143793,8.384695,-0.8414937,-7.65255,-15.04006,9.786207,-0.07670993,-0.1723215,-0.7410325,0.6444314,-0.1728163,0.6449262,-0.7405377,0.07621511
0.8130117,8.389164,-0.8297764,-7.607861,-15.15724,9.799883,-0.07670993,-0.1723215,-0.7410325,0.6444314,-0.1728163,0.6449262,-0.7405377,0.07621511
0.8116462,8.393626,-0.8180765,-7.563238,-15.27423,9.813538,-0.07670993,-0.1723215,-0.7410325,0.6444314,-0.1728163,0.6449262,-0.7405377,0.07621511
0.8104507,8.397532,-0.8078333,-7.524171,-15.37667,9.825493,-0.07670993,-0.1723215,-0.7410325,0.6444314,-0.1728163,0.6449262,-0.7405377,0.07621511
0.8104507,8.397532,-0.8078333,-7.524171,-15.37667,9.825493,-0.07670993,-0.1723215,-0.7410325,0.6444314,-0.1728163,0.6449262,-0.7405377,0.07621511
0.8104507,8.397532,-0.8078333,-7.524171,-15.37667,9.825493,-0.07714557,-0.2113574,-0.7334774,0.641395,-0.1902926,0.6203303,-0.7545421,0.09821028
0.8104507,8.397532,-0.8078333,-7.524171,-15.37667,9.825493,-0.1076047,-0.2285236,-0.7318338,0.6329436,-0.2175093,0.6219293,-0.7428482,0.118619
0.8104507,8.397532,-0.8078333,-7.524171,-15.37667,9.825493,-0.1405538,-0.2464369,-0.7290713,0.6228713,-0.2465953,0.6230297,-0.7289128,0.1403954
0.8104507,8.397532,-0.8078333,-7.524171,-15.37667,9.825493,-0.1425867,-0.2475273,-0.7288656,0.6222171,-0.2483813,0.6230711,-0.7280117,0.1417327
0.8092344,8.404068,-0.7976748,-7.458825,-15.47825,9.837655,-0.1425867,-0.2475273,-0.7288656,0.6222171,-0.2483813,0.6230711,-0.7280117,0.1417327
0.8079965,8.410719,-0.7873354,-7.392316,-15.58165,9.850035,-0.1425867,-0.2475273,-0.7288656,0.6222171,-0.2483813,0.6230711,-0.7280117,0.1417327
0.8067595,8.417366,-0.7770013,-7.325843,-15.68499,9.862405,-0.1425867,-0.2475273,-0.7288656,0.6222171,-0.2483813,0.6230711,-0.7280117,0.1417327
0.8055131,8.424063,-0.7665901,-7.258873,-15.7891,9.874868,-0.1425867,-0.2475273,-0.7288656,0.6222171,-0.2483813,0.6230711,-0.7280117,0.1417327
0.8042129,8.431049,-0.7557281,-7.189003,-15.89772,9.887871,-0.1425867,-0.2475273,-0.7288656,0.6222171,-0.2483813,0.6230711,-0.7280117,0.1417327
0.8029662,8.437744,-0.7453171,-7.122056,-16.00183,9.900338,-0.1422687,-0.2472558,-0.7289279,0.6223251,-0.2480637,0.6231329,-0.72812,0.1414609
0.8015748,8.443933,-0.7350776,-7.060174,-16.10422,9.914251,-0.1195916,-0.2415898,-0.7291937,0.6289744,-0.2307003,0.618085,-0.7400832,0.1304811
0.7997547,8.450188,-0.7245084,-6.997622,-16.20992,9.932452,-0.1084319,-0.2550427,-0.7246478,0.6309369,-0.2285928,0.6044869,-0.7510977,0.1348819
0.7975797,8.456376,-0.7142547,-6.935739,-16.31245,9.954203,-0.09888456,-0.267677,-0.7202228,0.632337,-0.2272237,0.5918837,-0.7606761,0.1393379
0.7949851,8.462708,-0.7039801,-6.872423,-16.4152,9.980148,-0.09256945,-0.278139,-0.7165861,0.6329092,-0.2271927,0.5819629,-0.7675324,0.1435157
0.7921251,8.469133,-0.6937813,-6.808162,-16.51719,10.00875,-0.08578537,-0.289588,-0.7124608,0.6333872,-0.2272234,0.5710227,-0.7748253,0.1481499
0.7890085,8.475618,-0.6836967,-6.743312,-16.61803,10.03991,-0.08131364,-0.2974502,-0.7095634,0.6335862,-0.2273705,0.5635065,-0.7796431,0.1513933
0.7857803,8.482092,-0.6738609,-6.678585,-16.71639,10.0722,-0.08172785,-0.302884,-0.7080308,0.6326723,-0.2299851,0.5597734,-0.7809296,0.1546267
0.7825215,8.488512,-0.6641694,-6.61438,-16.8133,10.10478,-0.07893935,-0.3036292,-0.7073918,0.6333836,-0.2282884,0.5580428,-0.7827327,0.1542802
0.7791291,8.495079,-0.6541759,-6.548705,-16.91324,10.13871,-0.07586455,-0.3022874,-0.7073183,0.6344822,-0.225494,0.5576888,-0.7841117,0.1526579
0.7757463,8.501366,-0.6443985,-6.485841,-17.01101,10.17254,-0.06952848,-0.3003928,-0.7068821,0.6365907,-0.2201063,0.5563043,-0.7871686,0.149815
0.7722226,8.507565,-0.6345278,-6.423846,-17.10972,10.20777,-0.06427759,-0.301161,-0.7058324,0.6379429,-0.2166641,0.5534459,-0.7903293,0.1487745
0.768528,8.513906,-0.6243789,-6.360433,-17.21121,10.24472,-0.06098334,-0.2985045,-0.7060304,0.6392944,-0.2131119,0.5539018,-0.791423,0.1463759
0.7647184,8.520239,-0.6138469,-6.297108,-17.31653,10.28281,-0.05597629,-0.2926637,-0.7067964,0.6416023,-0.206917,0.5558557,-0.7925431,0.1417229
0.7610155,8.526217,-0.6035191,-6.237332,-17.41981,10.31984,-0.05091754,-0.2860411,-0.707708,0.644001,-0.2003328,0.5582927,-0.7934163,0.1366258
0.7573208,8.532168,-0.5931104,-6.177821,-17.5239,10.35679,-0.05923309,-0.2898351,-0.7080501,0.6412115,-0.2079534,0.5593298,-0.7899318,0.1411148
0.7538723,8.538436,-0.5828381,-6.115141,-17.62662,10.39128,-0.07400616,-0.2901511,-0.7102449,0.6370932,-0.2186545,0.5655966,-0.7817415,0.1455027
0.7509279,8.545019,-0.5725766,-6.049313,-17.72923,10.42072,-0.1094782,-0.2817183,-0.7172823,0.6278181,-0.2403303,0.5864301,-0.7586703,0.1508662
0.7489175,8.551729,-0.562399,-5.982206,-17.83101,10.44083,-0.1355456,-0.2499076,-0.7289833,0.6227014,-0.2458675,0.6186613,-0.7330233,0.1395857
0.7481668,8.558208,-0.5517799,-5.917417,-17.9372,10.44833,-0.1624018,-0.2066918,-0.7420486,0.6166587,-0.2472418,0.6572087,-0.7014987,0.1218519
0.7484912,8.564363,-0.540979,-5.855861,-18.04521,10.44509,-0.1794314,-0.1785975,-0.7493542,0.6118624,-0.2477604,0.6810253,-0.6801913,0.1102685
0.7491196,8.570445,-0.5300993,-5.795054,-18.15401,10.4388,-0.1794314,-0.1785975,-0.7493542,0.6118624,-0.2477604,0.6810253,-0.6801913,0.1102685
0.7497476,8.57652,-0.5192286,-5.7343,-18.26271,10.43252,-0.1794314,-0.1785975,-0.7493542,0.6118624,-0.2477604,0.6810253,-0.6801913,0.1102685
0.7503654,8.582496,-0.5085367,-5.674546,-18.36963,10.42635,-0.1794314,-0.1785975,-0.7493542,0.6118624,-0.2477604,0.6810253,-0.6801913,0.1102685
0.7509949,8.588586,-0.4976387,-5.61364,-18.47861,10.42005,-0.1794314,-0.1785975,-0.7493542,0.6118624,-0.2477604,0.6810253,-0.6801913,0.1102685
0.7516098,8.594537,-0.4869915,-5.554134,-18.58508,10.4139,-0.1794314,-0.1785975,-0.7493542,0.6118624,-0.2477604,0.6810253,-0.6801913,0.1102685
0.7522391,8.600625,-0.4760984,-5.493254,-18.69402,10.40761,-0.1794314,-0.1785975,-0.7493542,0.6118624,-0.2477604,0.6810253,-0.6801913,0.1102685
0.7530471,8.606745,-0.4653713,-5.43205,-18.80129,10.39953,-0.1933841,-0.1738781,-0.7501619,0.6079687,-0.2547278,0.6888183,-0.6693124,0.1125345
0.7541143,8.612659,-0.454965,-5.37291,-18.90535,10.38886,-0.19715,-0.1645539,-0.7524457,0.6065307,-0.2538095,0.6957862,-0.6631901,0.1078945
0.7554992,8.618858,-0.4436942,-5.310915,-19.01806,10.37501,-0.1990848,-0.1522508,-0.7554841,0.6053336,-0.250743,0.7038259,-0.6569918,0.1005925
0.7569836,8.624475,-0.4331198,-5.254745,-19.1238,10.36016,-0.2003248,-0.1422309,-0.7578788,0.6043675,-0.2480335,0.7101701,-0.6520762,0.09452223
0.7586349,8.629942,-0.4224701,-5.200075,-19.2303,10.34365,-0.2004066,-0.1374364,-0.7590294,0.6040056,-0.2464334,0.7130026,-0.6500325,0.09140959
0.7603577,8.635561,-0.4114772,-5.14389,-19.34023,10.32642,-0.2004066,-0.1374364,-0.7590294,0.6040056,-0.2464334,0.7130026,-0.6500325,0.09140959
0.7644094,8.651763,-0.4063959,-4.981869,-19.39104,10.28591,-0.2004066,-0.1374364,-0.7590294,0.6040056,-0.2464334,0.7130026,-0.6500325,0.09140959
0.7684158,8.667785,-0.401371,-4.821653,-19.44129,10.24584,-0.2004066,-0.1374364,-0.7590294,0.6040056,-0.2464334,0.7130026,-0.6500325,0.09140959
0.7723874,8.683667,-0.39639,-4.662831,-19.4911,10.20613,-0.2004066,-0.1374364,-0.7590294,0.6040056,-0.2464334,0.7130026,-0.6500325,0.09140959
0.7765765,8.700512,-0.391064,-4.49438,-19.54436,10.16423,-0.1977827,-0.1376623,-0.7591662,0.6046467,-0.2449823,0.7119667,-0.6518463,0.09046275
0.779143,8.710165,-0.3821708,-4.397852,-19.63329,10.13857,-0.1988389,-0.1377202,-0.7590775,0.6043985,-0.2456191,0.7122974,-0.6511787,0.09094007
0.7810839,8.715837,-0.3710281,-4.341129,-19.74472,10.11916,-0.2074596,-0.1253078,-0.7613686,0.6013123,-0.2464119,0.7224163,-0.6402645,0.08635559
0.7832882,8.721292,-0.3598312,-4.286582,-19.85669,10.09712,-0.2065142,-0.1122864,-0.7644339,0.6003205,-0.241457,0.7294911,-0.6352633,0.07734361
0.7855921,8.726232,-0.3489467,-4.237185,-19.96553,10.07408,-0.2028896,-0.09845193,-0.7677723,0.5997239,-0.234695,0.735967,-0.6315293,0.06664655
0.7879876,8.73086,-0.3379357,-4.190897,-20.07564,10.05012,-0.1945595,-0.08403905,-0.7714982,0.5998956,-0.2251006,0.7409571,-0.6304367,0.05349794
0.7904614,8.735107,-0.3268173,-4.148423,-20.18683,10.02538,-0.1866382,-0.06931446,-0.7750119,0.5997652,-0.2155997,0.7460504,-0.6287267,0.04035302
0.7930823,8.739037,-0.3151484,-4.109135,-20.30352,9.999177,-0.1763192,-0.05331179,-0.7787178,0.5997233,-0.2043127,0.7507243,-0.6277168,0.02531825
0.7957491,8.742426,-0.3035281,-4.075237,-20.41972,9.972508,-0.1654131,-0.03364855,-0.7826948,0.5990787,-0.1913389,0.756769,-0.6250044,0.007722798
0.7984644,8.745298,-0.2918484,-4.046511,-20.53651,9.945355,-0.1538425,-0.01725459,-0.7859453,0.5986024,-0.17922,0.7605678,-0.6239799,-0.008122917
0.8012561,8.74771,-0.2798288,-4.022398,-20.65671,9.917439,-0.1414325,-0.0004688455,-0.7889853,0.5979121,-0.1664873,0.7639305,-0.6229669,-0.02458597
0.8039542,8.749464,-0.2681525,-4.004855,-20.77348,9.890457,-0.1256344,0.01985556,-0.792263,0.5967755,-0.1506332,0.7672642,-0.6217743,-0.04485435
0.8067479,8.750951,-0.2560174,-3.989996,-20.89482,9.862521,-0.1256344,0.01985556,-0.792263,0.5967755,-0.1506332,0.7672642,-0.6217743,-0.04485435
0.8095345,8.752433,-0.2439129,-3.975174,-21.01587,9.834655,-0.1256344,0.01985556,-0.792263,0.5967755,-0.1506332,0.7672642,-0.6217743,-0.04485435
0.8122229,8.753862,-0.2322357,-3.960874,-21.13264,9.807771,-0.1256344,0.01985556,-0.792263,0.5967755,-0.1506332,0.7672642,-0.6217743,-0.04485435
0.8149551,8.755316,-0.2203686,-3.946343,-21.25131,9.780449,-0.1256344,0.01985556,-0.792263,0.5967755,-0.1506332,0.7672642,-0.6217743,-0.04485435
0.8177655,8.75681,-0.2081618,-3.931395,-21.37338,9.752344,-0.1256344,0.01985556,-0.792263,0.5967755,-0.1506332,0.7672642,-0.6217743,-0.04485435
0.8204952,8.758263,-0.1963058,-3.916877,-21.49194,9.725048,-0.1256344,0.01985556,-0.792263,0.5967755,-0.1506332,0.7672642,-0.6217743,-0.04485435
0.8232592,8.759732,-0.1842988,-3.902174,-21.61201,9.697408,-0.1256344,0.01985556,-0.792263,0.5967755,-0.1506332,0.7672642,-0.6217743,-0.04485435
0.8260028,8.761192,-0.1723816,-3.887582,-21.73118,9.669971,-0.1256344,0.01985556,-0.792263,0.5967755,-0.1506332,0.7672642,-0.6217743,-0.04485435
0.8287286,8.762642,-0.1605408,-3.873082,-21.84959,9.642714,-0.1256344,0.01985556,-0.792263,0.5967755,-0.1506332,0.7672642,-0.6217743,-0.04485435
0.8315678,8.764153,-0.1482086,-3.85798,-21.97291,9.614322,-0.1256344,0.01985556,-0.792263,0.5967755,-0.1506332,0.7672642,-0.6217743,-0.04485435
0.8343388,8.765626,-0.1361718,-3.843241,-22.09328,9.586612,-0.1256344,0.01985556,-0.792263,0.5967755,-0.1506332,0.7672642,-0.6217743,-0.04485435
0.8371089,8.767099,-0.1241391,-3.828507,-22.21361,9.558911,-0.1256344,0.01985556,-0.792263,0.5967755,-0.1506332,0.7672642,-0.6217743,-0.04485435
0.8389952,8.768103,-0.1159451,-3.818473,-22.29555,9.540048,-0.1256344,0.01985556,-0.792263,0.5967755,-0.1506332,0.7672642,-0.6217743,-0.04485435
0.8389952,8.768103,-0.1159451,-3.818473,-22.29555,9.540048,-0.1256344,0.01985556,-0.792263,0.5967755,-0.1506332,0.7672642,-0.6217743,-0.04485435
0.8389952,8.768103,-0.1159451,-3.818473,-22.29555,9.540048,-0.1256344,0.01985556,-0.792263,0.5967755,-0.1506332,0.7672642,-0.6217743,-0.04485435
0.8389952,8.768103,-0.1159451,-3.818473,-22.29555,9.540048,-0.1256344,0.01985556,-0.792263,0.5967755,-0.1506332,0.7672642,-0.6217743,-0.04485435
0.8389952,8.768103,-0.1159451,-3.818473,-22.29555,9.540048,-0.1256344,0.01985556,-0.792263,0.5967755,-0.1506332,0.7672642,-0.6217743,-0.04485435
